ＮＯ,調理名,メニュー,会場,カットサイズ_ご自身,カットサイズ_高齢者,やわらかさ_ご自身,やわらかさ_高齢者,飲み込みやすさ_ご自身,飲み込みやすさ_高齢者,ジューシーさ_ご自身,ジューシーさ_高齢者,旨み_ご自身,旨み_高齢者,脂っこさ_ご自身,脂っこさ_高齢者,高齢者におすすめしたいか,高齢者福祉施設の入居者向け食事メニューとして適切か,性別,年齢
1,a,purukogi,toyama,5,5,5,4,3,3,5,4,5,4,5,5,3,3,f,60th
2,a,purukogi,toyama,5,4.5,2,3,4,4,5,5,5,5,5,5,4,5,m,40th
3,a,purukogi,toyama,5,5,5,5,3,3,5,5,5,5,5,5,3,3,f,60th
4,a,purukogi,toyama,4.5,5,5,5,3,3,5,5,5,5,5,5,4,5,m,50th
5,a,purukogi,toyama,5,5,5,5,4,4,5,5,5,5,1,1,3,3,f,60th
6,a,purukogi,toyama,5,5,4,5,4,4,5,5,5,5,5,5,4,4,m,60th
7,a,purukogi,toyama,5,5,4,4,4,4,5,5,5,5,5,5,4,5,m,60th
8,a,purukogi,toyama,5,4.5,4,4,4,4,4,4,4,4,5,5,4,4,f,30th
9,a,purukogi,toyama,5,5,5,5,4,5,5,5,5,5,5,5,4,5,f,30th
10,a,purukogi,toyama,5,4.5,5,5,4,5,5,5,5,5,5,5,4,5,f,50th
11,a,purukogi,toyama,5,5,4,4,4,4,2,3,2,3,5,5,3,3,f,70th
12,a,purukogi,toyama,5,5,5,5,3,3,4,4,5,5,5,5,3,3,f,30th
13,a,purukogi,toyama,5,5,5,2,4,2,4,4,4,4,5,5,4,4,f,50th
14,a,purukogi,toyama,5,4.5,5,5,5,5,5,5,5,5,5,5,4,4,f,60th
15,a,purukogi,toyama,5,5,4,4,3,3,4,4,4,4,5,5,3,3,m,60th
16,a,purukogi,toyama,5,5,4,4,3,3,4,4,4,4,5,5,3,3,f,60th
17,a,purukogi,toyama,5,5,5,5,4,4,4,4,4,4,5,5,3,4,f,30th
18,a,purukogi,toyama,5,5,5,5,4,4,4,4,4,4,5,5,3,4,m,30th
19,a,purukogi,toyama,5,5,5,5,4,4,3,3,3,3,5,5,4,4,f,70th
20,a,purukogi,toyama,5,5,5,5,4,4,4,4,4,4,5,5,5,5,f,70th
21,a,purukogi,toyama,5,5,5,5,3,3,5,5,5,5,5,5,3,3,f,10th
22,a,purukogi,toyama,5,5,5,5,4,4,5,5,5,5,5,5,4,5,f,30th
23,a,purukogi,toyama,5,5,5,5,4,4,5,5,5,5,4.5,5,4,5,m,70th
24,a,purukogi,toyama,5,5,4,2,4,4,3,3,3,3,5,5,4,4,m,60th
25,a,purukogi,toyama,5,5,5,5,4,4,4,4,2,2,5,5,3,3,f,60th
26,a,purukogi,toyama,5,1,5,5,5,5,3,3,3,3,5,5,3,4,m,70th
27,a,purukogi,toyama,5,1,5,5,3,3,4,4,4,4,5,5,3,4,f,60th
28,a,purukogi,toyama,5,5,4,5,3,3,5,5,4,4,5,5,4,4,f,20th
29,a,purukogi,toyama,5,5,4,5,3,3,5,5,4,4,5,5,4,4,f,20th
30,a,purukogi,toyama,5,5,5,4,3,3,5,5,5,5,5,5,4,4,m,70th
31,a,purukogi,toyama,5,5,5,5,3,3,5,5,5,5,5,5,3,3,f,60th
32,a,purukogi,toyama,5,5,4,4,3,3,3,3,5,5,5,5,3,3,m,70th
33,a,purukogi,toyama,5,5,5,4,4,4,4,4,5,5,5,5,4,4,f,60th
34,a,purukogi,toyama,5,4.5,4,4,4,2,4,4,4,4,5,5,4,4,f,50th
35,a,purukogi,toyama,5,5,5,5,4,4,4,4,5,5,5,5,4,4,f,60th
37,a,purukogi,toyama,5,5,4,2,3,3,3,3,3,3,5,4.5,4,4,f,50th
38,a,purukogi,toyama,5,4.5,5,2,5,2,4,3,4,3,5,5,4,5,f,60th
39,a,purukogi,toyama,1,1,5,1,2,3,4,4,5,5,5,5,4,5,f,50th
40,a,purukogi,toyama,5,4.5,5,5,5,5,5,4,5,4,4.5,5,4,4,f,60th
41,a,purukogi,toyama,5,5,5,5,4,4,5,5,5,3,5,5,5,5,f,70th
42,a,purukogi,toyama,5,5,5,5,3,3,3,3,5,5,5,5,4,5,f,70th
43,a,purukogi,toyama,5,1,5,4,5,2,5,5,5,5,1,5,3,4,m,70th
44,a,purukogi,toyama,5,5,5,5,5,5,4,4,5,5,5,5,5,5,m,70th
45,a,purukogi,toyama,5,5,5,3,3,5,3,3,2,2,5,5,3,5,m,70th
46,a,purukogi,toyama,5,5,4,3,4,3,4,4,4,4,5,5,4,5,f,70th
1,a,purukogi,ehime,5,5,4,4,4,4,3,3,2,2,4.5,1,3,3,f,40th
2,a,purukogi,ehime,5,4.5,5,1,4,2,4,4,4,4,5,5,3,3,f,60th
3,a,purukogi,ehime,5,5,3,2,3,2,3,2,3,2,5,5,4,4,f,50th
4,a,purukogi,ehime,5,5,4,4,3,2,2,3,4,4,5,5,2,2,f,50th
5,a,purukogi,ehime,5,4.5,4,4,3,4,3,3,3,4,5,5,3,3,m,70th
6,a,purukogi,ehime,5,1,4,1,4,1,4,2,4,2,5,4.5,3,2,f,50th
7,a,purukogi,ehime,5,5,5,5,4,4,3,3,3,3,4.5,4.5,3,3,f,60th
8,a,purukogi,ehime,5,1,3,3,2,3,5,5,3,4,5,5,3,3,f,60th
9,a,purukogi,ehime,5,4.5,5,4,3,3,4,4,4,4,5,4.5,3,3,m,40th
10,a,purukogi,ehime,5,5,5,4,4,4,4,4,4,4,5,4.5,2,2,f,60th
11,a,purukogi,ehime,5,4.5,5,2,4,1,3,3,3,3,5,4.5,2,2,f,50th
12,a,purukogi,ehime,5,5,5,4,3,3,3,3,1,3,1,5,1,4,f,60th
13,a,purukogi,ehime,4.5,4.5,5,4,5,2,3,3,3,3,1,1,3,3,f,50th
14,a,purukogi,ehime,5,5,3,3,4,4,3,3,3,3,5,5,3,3,f,60th
15,a,purukogi,ehime,5,5,5,4,4,3,3,2,3,3,5,4.5,2,3,f,60th
16,a,purukogi,ehime,5,4.5,3,2,3,2,3,2,4,3,5,5,3,3,f,60th
17,a,purukogi,ehime,5,5,3,1,3,1,3,1,3,3,5,5,3,1,f,60th
18,a,purukogi,ehime,5,5,5,5,5,5,3,3,3,3,5,5,3,3,f,50th
19,a,purukogi,ehime,5,5,5,5,5,5,4,4,3,3,5,5,4,5,f,40th
20,a,purukogi,ehime,5,5,5,5,4,4,5,5,4,4,5,5,4,4,f,60th
21,a,purukogi,ehime,5,5,5,5,4,4,4,4,4,4,4.5,1,3,4,f,60th
22,a,purukogi,ehime,5,5,5,5,4,4,4,4,4,4,4.5,1,4,4,f,60th
23,a,purukogi,ehime,5,5,5,5,4,4,4,4,4,4,5,4.5,4,4,f,30th
24,a,purukogi,ehime,5,5,3,2,3,2,3,2,4,3,5,5,3,3,m,60th
25,a,purukogi,ehime,5,5,4,4,4,4,4,4,4,4,5,5,4,4,f,60th
26,a,purukogi,ehime,5,4.5,4,4,5,4,5,5,4,4,5,5,2,4,f,60th
27,a,purukogi,ehime,5,4.5,4,2,3,1,3,4,4,4,5,4.5,2,2,f,50th
28,a,purukogi,ehime,5,5,1,1,5,5,5,5,4,4,5,5,5,5,f,50th
29,a,purukogi,ehime,5,5,5,5,5,5,5,5,5,5,5,5,5,5,f,60th
30,a,purukogi,ehime,4.5,5,3,3,4,4,3,3,3,3,4.5,4.5,3,3,m,60th
31,a,purukogi,ehime,5,4.5,2,1,2,1,4,4,5,5,5,5,3,3,m,60th
32,a,purukogi,ehime,5,1,4,3,4,3,5,3,4,4,5,4.5,3,3,f,20th
33,a,purukogi,ehime,5,1,5,3,3,3,5,5,3,3,5,1,3,5,f,60th
34,a,purukogi,ehime,5,1,4,3,4,3,5,3,5,3,5,5,4,5,f,60th
35,a,purukogi,ehime,5,5,3,3,4,3,3,3,3,3,5,5,3,3,f,20th
36,a,purukogi,ehime,4.5,5,5,4,5,4,5,5,5,5,5,5,5,5,m,20th
37,a,purukogi,ehime,5,4.5,3,2,3,1,1,1,3,2,1,4.5,2,3,f,60th
38,a,purukogi,ehime,5,5,5,5,5,5,4,4,4,4,5,5,4,4,m,30th
39,a,purukogi,ehime,5,1,3,2,3,1,3,2,3,4,5,4.5,2,2,m,50th
40,a,purukogi,ehime,5,5,5,5,5,3,5,1,5,5,5,5,5,5,m,30th
41,a,purukogi,ehime,5,5,1,1,1,1,3,3,3,3,5,5,1,2,m,40th
42,a,purukogi,ehime,5,5,5,5,5,5,3,3,3,3,1,5,2,2,m,20th
43,a,purukogi,ehime,5,1,5,5,4,2,3,3,5,4,5,5,3,4,f,40th
44,a,purukogi,ehime,5,5,5,5,5,4,4,4,4,4,1,4.5,4,4,f,40th
45,a,purukogi,ehime,5,5,5,4,5,4,4,4,4,4,5,5,5,5,f,40th
46,a,purukogi,ehime,5,4.5,3,2,4,3,4,3,3,3,5,5,4,4,f,40th
47,a,purukogi,ehime,5,4.5,4,2,4,2,4,3,4,3,5,5,4,3,f,60th
48,a,purukogi,ehime,5,4.5,3,3,4,3,3,3,3,2,4.5,5,3,3,f,30th
1,b,sukini,ehime,5,4.5,4,2,4,2,2,2,3,4,5,5,2,2,f,30th
2,b,sukini,ehime,5,1,5,5,5,5,5,5,5,5,5,5,3,3,f,50th
3,b,sukini,ehime,1,1,4,4,4,4,4,4,4,4,4.5,5,3,3,f,50th
4,b,sukini,ehime,5,1,4,3,4,3,4,4,4,4,5,5,3,3,f,40th
5,b,sukini,ehime,5,1,5,5,5,5,4,4,4,4,5,5,4,4,f,40th
6,b,sukini,ehime,5,4.5,4,4,4,4,4,4,4,4,4.5,4.5,4,4,m,50th
7,b,sukini,ehime,5,4.5,5,4,3,2,2,2,4,4,1,5,4,4,f,50th
8,b,sukini,ehime,5,4.5,5,5,4,2,3,3,4,4,5,5,4,5,f,60th
9,b,sukini,ehime,5,4.5,5,4,5,4,5,4,5,4,1,4.5,5,3,f,60th
10,b,sukini,ehime,5,1,3,2,4,2,2,2,4,4,5,5,2,3,f,50th
11,b,sukini,ehime,5,4.5,5,5,5,3,4,4,5,5,4.5,5,4,4,f,60th
12,b,sukini,ehime,5,4.5,3,4,3,3,4,4,3,3,4.5,5,3,4,f,40th
13,b,sukini,ehime,5,1,5,3,3,2,2,2,3,3,1,5,1,3,f,60th
14,b,sukini,ehime,5,1,3,2,3,2,3,3,4,4,5,5,2,3,f,60th
16,b,sukini,ehime,4.5,4.5,1,1,2,2,1,1,1,1,1,1,3,3,f,60th
17,b,sukini,ehime,5,5,5,5,5,5,5,5,5,5,5,5,5,5,f,60th
18,b,sukini,ehime,5,5,4,3,4,4,2,2,2,2,5,5,3,3,m,50th
19,b,sukini,ehime,5,5,4,3,4,3,4,4,4,4,5,4.5,3,4,m,40th
20,b,sukini,ehime,5,5,4,4,4,4,5,4,4,4,5,5,4,4,m,60th
21,b,sukini,ehime,5,4.5,5,5,3,3,5,4,4,4,5,4.5,5,5,f,30th
22,b,sukini,ehime,5,1,4,4,4,4,4,4,4,4,4.5,4.5,4,4,f,50th
23,b,sukini,ehime,5,1,5,4,4,3,2,2,3,3,4.5,5,3,4,f,50th
24,b,sukini,ehime,5,4.5,3,2,3,2,2,2,4,5,4.5,5,3,3,f,60th
25,b,sukini,ehime,5,4.5,3,2,4,2,3,3,4,2,1,5,3,5,f,50th
26,b,sukini,ehime,5,4.5,4,2,5,3,3,2,4,3,1,5,2,2,f,50th
27,b,sukini,ehime,5,4.5,5,5,5,5,3,3,3,3,5,4.5,4,4,f,40th
28,b,sukini,ehime,5,5,4,4,4,3,4,4,4,4,5,5,4,4,f,50th
1,c,yakiniku,toyama,1,1,5,5,5,5,5,5,5,5,1,1,5,5,f,50th
2,c,yakiniku,toyama,5,1,1,1,2,1,5,5,4,4,5,5,4,4,f,30th
3,c,yakiniku,toyama,5,1,1,1,2,1,5,5,4,4,5,5,4,4,f,10th
4,c,yakiniku,toyama,5,1,2,2,4,4,4,4,4,4,4.5,4.5,3,3,m,60th
5,c,yakiniku,toyama,5,5,2,2,2,2,5,5,5,5,4.5,4.5,1,1,f,70th
6,c,yakiniku,toyama,1,1,1,1,1,1,5,5,5,5,5,5,2,2,f,70th
7,c,yakiniku,toyama,1,1,1,1,1,1,5,5,5,5,5,5,1,1,f,40th
8,c,yakiniku,toyama,1,1,1,1,3,3,5,5,5,5,5,5,1,1,m,60th
9,c,yakiniku,toyama,1,1,4,4,1,1,5,5,5,5,4.5,4.5,2,2,f,30th
10,c,yakiniku,toyama,1,1,1,1,1,1,5,5,5,5,4.5,4.5,1,1,f,30th
11,c,yakiniku,toyama,5,5,5,5,5,5,5,5,5,5,5,5,5,5,m,60th
12,c,yakiniku,toyama,4.5,4.5,1,1,5,5,5,5,5,5,5,5,3,3,f,60th
13,c,yakiniku,toyama,5,5,5,5,2,2,5,5,5,5,1,1,2,2,f,40th
14,c,yakiniku,toyama,5,1,5,5,5,5,5,5,5,5,4.5,4.5,4,4,f,60th
15,c,yakiniku,toyama,4.5,1,1,1,1,1,3,3,3,3,5,5,2,2,f,40th
16,c,yakiniku,toyama,4.5,1,1,1,1,1,3,3,3,3,4.5,5,2,2,m,40th
17,c,yakiniku,toyama,5,5,5,5,4,4,5,5,5,5,5,5,4,4,f,40th
18,c,yakiniku,toyama,5,5,1,1,2,2,3,3,5,5,1,1,4,4,m,40th
19,c,yakiniku,toyama,1,1,3,3,5,5,5,5,5,5,4.5,4.5,3,3,m,30th
20,c,yakiniku,toyama,4.5,4.5,5,2,4,4,5,5,5,5,5,5,5,5,f,40th
21,c,yakiniku,toyama,5,5,5,5,5,5,4,4,5,5,5,5,3,3,m,70th
22,c,yakiniku,toyama,5,5,1,1,5,5,5,5,5,5,5,5,2,2,m,40th
23,c,yakiniku,toyama,5,5,5,5,5,5,5,5,5,5,5,5,4,4,m,60th
24,c,yakiniku,toyama,5,5,5,5,5,5,5,5,3,3,5,5,4,4,f,50th
25,c,yakiniku,toyama,5,5,3,3,2,2,3,3,5,5,5,5,4,4,m,10th
26,c,yakiniku,toyama,1,1,1,1,3,3,5,5,5,5,1,1,2,2,f,70th
27,c,yakiniku,toyama,5,5,5,5,5,5,2,2,5,5,5,5,5,5,m,40th
28,c,yakiniku,toyama,5,5,1,1,5,5,5,5,5,5,1,1,1,1,m,30th
29,c,yakiniku,toyama,5,5,1,1,1,1,5,5,5,5,4.5,4.5,1,1,f,10th
30,c,yakiniku,toyama,5,5,1,1,1,1,5,5,5,5,4.5,4.5,1,1,f,40th
31,c,yakiniku,toyama,1,1,3,1,5,5,5,5,1,1,5,5,5,5,f,40th
32,c,yakiniku,toyama,5,5,2,2,1,1,5,5,5,5,1,1,3,3,f,40th
33,c,yakiniku,toyama,1,1,1,1,1,1,5,5,5,5,1,1,4,4,f,30th
34,c,yakiniku,toyama,5,5,1,1,2,2,5,5,5,5,5,5,2,2,f,60th
35,c,yakiniku,toyama,5,5,1,1,3,3,5,5,5,5,5,5,3,3,m,10th
36,c,yakiniku,toyama,5,5,1,1,2,2,5,5,5,5,4.5,4.5,2,2,m,40th
37,c,yakiniku,toyama,5,5,4,4,5,5,5,5,5,5,4.5,4.5,4,4,f,60th
38,c,yakiniku,toyama,1,1,1,1,4,4,5,5,5,5,5,5,4,4,m,40th
39,c,yakiniku,toyama,1,1,5,5,3,3,5,5,5,5,5,1,3,3,m,50th
1,d,steak,toyama,5,5,5,5,4,4,4,4,4,4,5,5,4,4,f,40th
3,d,steak,toyama,5,5,5,5,4,4,4,4,5,5,5,5,5,5,m,40th
4,d,steak,toyama,5,5,5,4,4,5,3,3,5,5,5,5,3,3,f,40th
5,d,steak,toyama,5,1,5,5,5,5,5,5,5,5,5,5,5,5,f,20th
6,d,steak,toyama,5,4.5,5,2,2,2,5,5,5,5,5,5,4,4,f,40th
7,d,steak,toyama,1,1,4,4,5,5,5,5,2,2,5,5,5,5,m,40th
8,d,steak,toyama,5,4.5,5,2,5,5,5,5,5,5,5,4.5,5,5,f,40th
9,d,steak,toyama,5,5,5,5,5,5,3,3,1,1,5,5,5,5,m,50th
10,d,steak,toyama,4.5,4.5,5,3,5,5,5,5,5,5,5,5,5,5,f,30th
11,d,steak,toyama,5,1,5,5,5,5,5,5,5,5,5,1,5,5,m,50th
12,d,steak,toyama,5,1,3,2,2,3,5,5,5,5,5,4.5,5,5,f,10th
13,d,steak,toyama,5,1,5,5,5,5,4,4,3,3,5,4.5,3,3,f,40th
14,d,steak,toyama,5,5,5,5,3,3,5,5,5,5,5,5,1,1,m,60th
15,d,steak,toyama,5,5,5,5,5,5,5,5,5,5,5,5,4,4,f,60th
16,d,steak,toyama,5,1,5,5,5,5,5,5,5,5,5,5,5,5,f,10th
17,d,steak,toyama,5,1,5,5,5,5,5,5,5,5,5,5,5,5,f,40th
18,d,steak,toyama,5,1,3,3,5,5,4,4,5,3,5,5,4,4,m,30th
19,d,steak,toyama,5,4.5,3,3,2,2,3,3,5,5,5,5,4,4,f,60th
20,d,steak,toyama,5,5,5,5,5,5,5,5,5,5,5,5,5,5,m,70th
21,d,steak,toyama,5,1,5,1,1,1,4,4,5,5,5,5,2,2,f,40th
22,d,steak,toyama,4.5,4.5,3,1,5,3,5,4,5,5,4.5,4.5,3,3,f,60th
23,d,steak,toyama,5,5,5,3,1,1,5,5,5,5,5,5,3,3,f,70th
24,d,steak,toyama,5,1,5,5,4,4,5,5,5,5,5,4.5,4,4,f,70th
25,d,steak,toyama,5,4.5,5,5,5,5,5,5,5,5,5,4.5,5,5,m,40th
26,d,steak,toyama,1,1,5,5,2,1,5,5,5,5,1,1,3,3,f,30th
27,d,steak,toyama,5,5,5,5,5,5,5,3,5,4,5,5,5,5,f,60th
28,d,steak,toyama,5,4.5,5,2,2,1,5,5,5,3,5,4.5,5,5,f,40th
29,d,steak,toyama,5,1,5,5,5,3,5,5,5,3,5,5,3,3,m,50th
30,d,steak,toyama,5,5,5,5,5,5,3,3,5,5,5,5,5,5,f,60th
31,d,steak,toyama,5,1,5,3,5,1,5,5,5,5,5,5,3,3,f,50th
32,d,steak,toyama,5,1,3,1,2,2,5,1,1,1,1,1,5,,f,20th
33,d,steak,toyama,5,1,5,5,5,1,5,5,5,5,4.5,4.5,4,4,f,40th
34,d,steak,toyama,5,5,5,2,3,2,3,3,5,5,5,1,3,3,m,30th
35,d,steak,toyama,5,5,5,5,4,4,5,5,5,5,5,5,3,3,f,30th
36,d,steak,toyama,5,5,5,5,3,3,5,5,5,5,5,5,5,5,m,30th
37,d,steak,toyama,5,5,5,5,2,2,5,5,5,5,5,5,2,2,f,40th
38,d,steak,toyama,5,5,3,3,5,5,3,3,5,5,5,5,5,5,m,40th
39,d,steak,toyama,5,5,5,5,5,5,3,3,5,5,5,5,5,5,m,30th
40,d,steak,toyama,4.5,4.5,5,2,3,3,5,5,5,5,5,5,5,5,f,40th
41,d,steak,toyama,5,5,5,5,1,1,4,4,5,5,5,5,3,3,f,40th
42,d,steak,toyama,5,5,2,2,2,2,5,5,1,1,5,5,1,1,m,30th
43,d,steak,toyama,5,5,5,2,4,1,5,5,5,5,5,5,4,4,f,40th
44,d,steak,toyama,1,1,5,3,2,2,4,4,5,5,5,5,5,5,f,40th
1,e,menchikatsu,ehime,5,1,2,1,3,2,3,2,4,3,5,4.5,2,2,f,40th
2,e,menchikatsu,ehime,1,1,2,1,2,1,1,1,2,2,5,4.5,2,1,f,60th
3,e,menchikatsu,ehime,5,4.5,3,2,3,3,3,3,3,2,5,5,2,2,f,50th
4,e,menchikatsu,ehime,4.5,4.5,3,2,3,2,3,3,3,3,5,5,2,3,f,60th
5,e,menchikatsu,ehime,5,1,3,3,3,4,2,2,2,2,4.5,5,2,2,f,40th
6,e,menchikatsu,ehime,4.5,4.5,2,2,3,2,3,3,3,3,5,5,3,4,f,60th
7,e,menchikatsu,ehime,5,4.5,4,4,5,5,2,2,2,2,1,5,4,4,m,20th
8,e,menchikatsu,ehime,1,1,5,5,3,3,4,4,4,4,4.5,5,3,4,f,50th
9,e,menchikatsu,ehime,5,5,5,4,4,4,3,3,5,4,5,5,3,5,f,60th
10,e,menchikatsu,ehime,5,4.5,4,3,4,3,4,2,4,4,5,4.5,3,4,f,50th
11,e,menchikatsu,ehime,1,1,4,3,3,3,4,4,4,3,5,5,2,3,f,50th
12,e,menchikatsu,ehime,5,4.5,5,3,5,3,3,3,5,3,5,4.5,3,3,f,60th
13,e,menchikatsu,ehime,5,4.5,4,3,4,3,2,2,1,3,5,5,2,2,m,40th
14,e,menchikatsu,ehime,5,1,5,4,5,3,3,3,1,3,5,5,2,3,f,30th
15,e,menchikatsu,ehime,5,4.5,5,5,4,4,3,3,3,3,5,5,5,3,f,30th
16,e,menchikatsu,ehime,5,4.5,4,2,3,2,3,3,3,3,4.5,5,2,2,m,50th
17,e,menchikatsu,ehime,4.5,1,4,4,4,4,3,3,4,4,5,5,3,3,m,50th
18,e,menchikatsu,ehime,5,4.5,3,2,3,3,3,3,3,3,5,5,2,3,f,30th
19,e,menchikatsu,ehime,4.5,4.5,5,5,4,3,4,3,3,3,5,5,2,2,f,40th
20,e,menchikatsu,ehime,5,4.5,3,3,5,4,3,3,5,4,5,5,3,3,f,60th
21,e,menchikatsu,ehime,5,4.5,4,3,4,3,3,3,3,3,4.5,5,3,3,f,30th
22,e,menchikatsu,ehime,5,4.5,4,2,4,3,3,3,2,4,4.5,5,2,2,f,30th
23,e,menchikatsu,ehime,5,5,5,5,3,4,4,3,3,3,4.5,4.5,3,4,f,60th
24,e,menchikatsu,ehime,5,5,5,5,5,5,5,5,5,5,5,5,5,5,f,60th
25,e,menchikatsu,ehime,5,1,5,5,5,4,4,4,4,3,4.5,5,3,3,f,60th
26,e,menchikatsu,ehime,1,1,2,2,3,2,4,4,4,5,5,5,4,4,f,60th
27,e,menchikatsu,ehime,4.5,4.5,5,5,4,4,4,4,3,3,5,5,3,3,f,60th
28,e,menchikatsu,ehime,5,5,3,3,4,3,4,3,4,3,5,5,3,3,m,40th
29,e,menchikatsu,ehime,1,1,1,1,2,2,4,3,4,3,5,5,2,2,f,30th
30,e,menchikatsu,ehime,5,4.5,4,2,4,3,4,2,4,3,5,5,2,2,f,50th
31,e,menchikatsu,ehime,5,1,4,3,5,3,5,4,5,4,1,5,4,4,m,60th
32,e,menchikatsu,ehime,5,5,4,4,4,3,4,4,4,4,5,5,3,3,m,60th
33,e,menchikatsu,ehime,5,1,5,3,4,3,2,2,3,3,5,5,3,2,f,40th
34,e,menchikatsu,ehime,4.5,4.5,4,4,4,4,4,4,4,4,4.5,4.5,4,3,f,30th
35,e,menchikatsu,ehime,5,1,5,5,5,5,3,3,3,3,5,5,4,4,f,50th
36,e,menchikatsu,ehime,5,5,4,3,4,4,4,3,4,4,5,5,4,4,f,40th
37,e,menchikatsu,ehime,5,5,5,5,5,5,4,4,4,4,5,5,5,5,f,30th
38,e,menchikatsu,ehime,5,4.5,4,4,3,3,5,5,3,3,5,5,4,4,m,60th
39,e,menchikatsu,ehime,5,1,4,3,5,3,3,2,4,4,5,5,3,3,f,60th
40,e,menchikatsu,ehime,4.5,4.5,1,1,3,1,3,3,4,4,4.5,5,3,1,f,60th
41,e,menchikatsu,ehime,5,4.5,3,2,3,1,4,3,4,4,5,4.5,2,2,f,50th
42,e,menchikatsu,ehime,5,4.5,5,4,4,2,3,3,4,3,5,4.5,2,3,f,50th
1,f,onsyabu,toyama,5,5,5,5,5,5,5,5,5,5,5,5,5,5,m,40th
2,f,onsyabu,toyama,5,5,5,5,5,5,5,5,5,5,5,5,5,5,m,40th
3,f,onsyabu,toyama,4.5,1,5,4,4,4,4,4,5,5,5,5,4,4,f,50th
4,f,onsyabu,toyama,5,5,5,5,3,3,3,3,3,3,4.5,4.5,4,4,f,50th
5,f,onsyabu,toyama,5,5,5,5,5,5,5,5,5,5,5,5,5,5,m,60th
6,f,onsyabu,toyama,5,5,5,5,5,5,5,5,5,5,5,5,5,5,f,60th
7,f,onsyabu,toyama,5,5,5,5,5,5,3,3,5,5,5,5,5,5,f,70th
8,f,onsyabu,toyama,1,1,5,5,5,5,3,3,5,5,5,5,5,5,f,20th
9,f,onsyabu,toyama,1,1,5,5,5,5,5,5,5,5,5,5,5,5,m,40th
10,f,onsyabu,toyama,1,1,5,5,5,5,3,3,5,5,5,5,5,5,f,70th
11,f,onsyabu,toyama,5,5,4,3,3,2,4,4,4,4,5,4.5,4,4,f,20th
12,f,onsyabu,toyama,5,5,4,4,4,3,3,3,4,4,4.5,5,4,4,f,40th
13,f,onsyabu,toyama,5,5,5,5,5,5,5,5,5,5,5,5,5,5,f,10th
14,f,onsyabu,toyama,5,1,5,5,5,5,1,1,5,5,5,5,5,5,m,40th
15,f,onsyabu,toyama,5,1,5,5,5,5,3,3,5,5,5,5,5,5,f,40th
16,f,onsyabu,toyama,5,4.5,5,5,5,5,3,3,4,4,5,5,5,4,f,50th
17,f,onsyabu,toyama,5,5,5,5,5,4,5,5,4,4,5,5,5,5,f,40th
18,f,onsyabu,toyama,5,5,3,3,5,3,5,5,5,5,5,5,4,5,m,30th
19,f,onsyabu,toyama,4.5,5,5,4,3,3,4,4,5,5,5,5,5,5,f,30th
20,f,onsyabu,toyama,5,5,5,5,5,5,5,5,5,2,5,4.5,5,5,f,60th
21,f,onsyabu,toyama,5,5,5,5,5,4,3,4,5,5,5,4.5,4,4,f,30th
22,f,onsyabu,toyama,5,5,5,5,5,4,3,4,5,5,5,4.5,4,4,m,30th
23,f,onsyabu,toyama,5,5,5,5,5,5,3,3,5,5,5,5,5,5,f,40th
24,f,onsyabu,toyama,5,5,5,3,4,4,2,2,4,3,4.5,5,4,3,m,40th
25,f,onsyabu,toyama,5,5,5,5,5,5,4,4,5,5,5,5,5,5,f,50th
26,f,onsyabu,toyama,4.5,4.5,5,5,5,5,5,5,5,5,5,5,5,5,f,70th
27,f,onsyabu,toyama,5,1,5,5,5,5,5,5,5,5,4.5,5,5,4,f,60th
28,f,onsyabu,toyama,5,1,5,5,5,5,5,5,5,5,5,5,5,4,f,60th
29,f,onsyabu,toyama,5,5,5,5,5,5,5,5,5,5,5,5,5,5,f,40th
30,f,onsyabu,toyama,5,4.5,5,4,3,2,4,3,5,3,5,5,4,3,f,30th
31,f,onsyabu,toyama,5,4.5,5,4,3,2,4,3,4,3,5,5,4,3,m,30th
32,f,onsyabu,toyama,4.5,4.5,5,5,5,5,5,5,5,5,5,5,5,5,f,10th
33,f,onsyabu,toyama,5,4.5,5,5,4,4,2,2,3,3,5,5,4,3,f,40th
34,f,onsyabu,toyama,5,5,5,5,5,5,5,5,5,5,5,5,5,5,f,30th
35,f,onsyabu,toyama,5,5,5,5,5,5,3,3,5,5,5,5,5,5,m,50th
36,f,onsyabu,toyama,5,5,5,5,5,5,3,3,4,4,5,5,5,5,f,40th
37,f,onsyabu,toyama,5,4.5,5,3,5,5,5,5,5,5,5,5,2,4,m,40th
38,f,onsyabu,toyama,5,5,5,5,5,5,5,5,4,4,5,5,5,5,f,70th
39,f,onsyabu,toyama,5,5,5,5,5,5,3,3,4,4,5,5,5,5,m,70th
40,f,onsyabu,toyama,5,5,5,5,5,5,3,3,4,4,5,5,5,5,f,70th
41,f,onsyabu,toyama,5,5,5,5,5,5,5,5,5,5,5,5,5,5,f,70th
42,f,onsyabu,toyama,5,4.5,5,4,5,5,5,5,5,5,5,5,4,4,f,30th
1,g,tonkatsu,toyama,5,5,5,5,5,3,5,5,5,5,5,4.5,3,3,f,40th
2,g,tonkatsu,toyama,5,5,5,1,5,5,5,5,3,3,1,1,5,5,m,20th
3,g,tonkatsu,toyama,5,4.5,1,1,3,3,5,5,2,1,5,5,5,5,m,60th
4,g,tonkatsu,toyama,5,5,5,5,5,4,5,3,5,5,5,4.5,5,5,m,70th
5,g,tonkatsu,toyama,5,4.5,5,5,5,3,5,5,5,5,5,5,5,5,f,70th
6,g,tonkatsu,toyama,5,4.5,2,3,3,3,2,3,3,3,5,5,2,3,m,50th
7,g,tonkatsu,toyama,5,5,5,5,3,3,5,5,5,5,4.5,4.5,3,3,f,50th
8,g,tonkatsu,toyama,5,5,4,4,3,3,5,5,5,5,4.5,4.5,3,4,m,50th
9,g,tonkatsu,toyama,4.5,5,5,5,3,3,3,3,2,2,5,5,4,5,f,30th
10,g,tonkatsu,toyama,5,5,2,2,4,4,4,4,4,4,5,5,2,2,m,50th
11,g,tonkatsu,toyama,5,5,5,5,4,4,4,4,4,4,5,5,4,4,m,50th
12,g,tonkatsu,toyama,5,5,5,5,4,4,5,5,5,5,5,5,4,4,f,50th
13,g,tonkatsu,toyama,5,5,5,5,1,1,3,3,3,3,4.5,4.5,3,3,f,60th
14,g,tonkatsu,toyama,4.5,5,4,4,4,4,5,5,5,5,5,5,3,3,m,70th
15,g,tonkatsu,toyama,5,5,5,5,5,5,5,5,5,5,4.5,4.5,4,4,f,60th
16,g,tonkatsu,toyama,5,5,5,5,4,4,5,5,5,5,4.5,4.5,4,5,f,70th
17,g,tonkatsu,toyama,5,5,5,5,4,4,5,5,5,5,5,5,3,3,f,70th
18,g,tonkatsu,toyama,5,5,2,2,3,3,5,5,5,5,4.5,4.5,3,3,m,70th
19,g,tonkatsu,toyama,5,5,4,5,3,3,3,3,3,3,5,5,3,3,m,60th
20,g,tonkatsu,toyama,5,5,2,2,3,3,5,5,5,5,5,5,3,5,f,60th
21,g,tonkatsu,toyama,5,5,4,4,3,3,4,4,4,4,5,5,4,4,f,40th
22,g,tonkatsu,toyama,5,5,5,5,4,2,5,5,5,5,4.5,4.5,2,2,f,60th
23,g,tonkatsu,toyama,5,5,2,2,4,3,5,5,5,5,5,5,4,4,m,40th
24,g,tonkatsu,toyama,5,5,4,4,4,4,5,5,5,5,5,5,3,5,m,50th
25,g,tonkatsu,toyama,5,5,5,2,3,2,5,5,5,5,4.5,4.5,4,4,m,40th
26,g,tonkatsu,toyama,5,5,2,2,2,2,5,5,5,5,5,5,2,1,f,40th
27,g,tonkatsu,toyama,5,5,4,4,3,3,4,4,4,4,4.5,4.5,3,3,f,50th
28,g,tonkatsu,toyama,5,5,5,5,3,3,4,4,2,2,4.5,4.5,4,4,f,40th
29,g,tonkatsu,toyama,5,5,5,3,4,4,5,5,5,5,4.5,4.5,3,3,m,40th
30,g,tonkatsu,toyama,5,5,5,5,4,4,5,5,5,5,5,5,3,3,f,60th
31,g,tonkatsu,toyama,5,5,5,5,5,5,4,4,4,4,5,5,5,5,m,40th
32,g,tonkatsu,toyama,5,5,4,3,4,4,5,5,5,5,5,5,4,4,f,50th
33,g,tonkatsu,toyama,5,5,4,3,4,4,5,5,5,5,4.5,5,4,4,f,30th
34,g,tonkatsu,toyama,5,5,4,4,3,3,4,4,4,4,5,5,3,3,m,50th
35,g,tonkatsu,toyama,5,5,5,2,4,4,5,5,5,5,5,5,4,4,m,40th
36,g,tonkatsu,toyama,5,4.5,5,2,4,4,4,4,4,4,5,5,4,4,f,40th
37,g,tonkatsu,toyama,5,4.5,3,2,3,3,3,3,3,3,4.5,4.5,2,2,m,30th
38,g,tonkatsu,toyama,5,5,5,4,4,4,4,4,4,4,5,5,3,3,f,40th
39,g,tonkatsu,toyama,5,5,2,2,4,4,2,2,4,4,5,5,3,2,f,50th
40,g,tonkatsu,toyama,5,5,5,5,4,4,4,4,4,4,4.5,4.5,4,4,f,50th
1,g,tonkatsu,ehime,5,4.5,5,3,4,3,4,3,2,2,4.5,1,2,1,f,40th
2,g,tonkatsu,ehime,5,4.5,5,2,4,2,3,4,3,3,5,5,2,2,f,60th
3,g,tonkatsu,ehime,4.5,4.5,3,1,3,1,3,1,3,1,5,5,1,1,f,50th
4,g,tonkatsu,ehime,5,4.5,2,1,2,1,3,3,4,3,5,4.5,1,1,f,50th
5,g,tonkatsu,ehime,5,4.5,4,1,4,1,4,3,4,3,5,5,3,3,f,50th
6,g,tonkatsu,ehime,5,5,5,5,4,4,5,5,4,4,5,5,5,3,m,70th
7,g,tonkatsu,ehime,5,5,5,3,3,3,3,3,4,4,4.5,4.5,3,3,f,60th
8,g,tonkatsu,ehime,1,1,2,1,1,1,3,3,3,3,5,5,3,1,f,60th
9,g,tonkatsu,ehime,5,5,3,1,3,2,4,4,4,4,5,5,2,2,m,40th
10,g,tonkatsu,ehime,5,1,1,1,1,1,1,1,1,1,5,5,1,1,f,60th
11,g,tonkatsu,ehime,5,4.5,4,2,4,2,3,3,3,3,5,5,2,4,f,60th
12,g,tonkatsu,ehime,5,1,1,1,1,1,2,1,3,2,5,5,2,2,f,50th
13,g,tonkatsu,ehime,5,5,4,4,4,4,3,3,4,4,5,5,4,4,f,60th
14,g,tonkatsu,ehime,5,5,4,4,4,4,4,4,3,3,1,1,3,3,f,50th
15,g,tonkatsu,ehime,5,5,3,1,3,2,3,3,3,3,5,4.5,2,1,f,60th
16,g,tonkatsu,ehime,5,1,3,1,3,2,3,2,3,3,5,4.5,3,3,f,60th
17,g,tonkatsu,ehime,5,1,1,1,3,1,3,1,3,1,5,1,1,3,f,60th
18,g,tonkatsu,ehime,5,5,5,5,5,3,3,3,3,3,5,5,3,3,f,50th
19,g,tonkatsu,ehime,5,4.5,4,3,4,3,3,3,4,4,5,5,4,4,f,40th
20,g,tonkatsu,ehime,5,1,4,4,4,4,5,5,4,4,5,5,3,3,f,60th
21,g,tonkatsu,ehime,5,1,5,5,3,3,3,3,5,5,4.5,4.5,4,3,f,60th
22,g,tonkatsu,ehime,5,1,5,3,4,4,4,4,4,4,5,4.5,4,3,f,60th
23,g,tonkatsu,ehime,5,1,3,2,4,3,3,3,4,4,5,5,4,3,f,60th
24,g,tonkatsu,ehime,5,4.5,2,2,3,2,3,2,3,2,5,5,2,2,f,60th
25,g,tonkatsu,ehime,5,4.5,2,1,3,4,3,3,3,3,4.5,4.5,3,2,f,30th
26,g,tonkatsu,ehime,5,1,4,2,4,2,4,4,4,4,5,4.5,4,4,m,60th
27,g,tonkatsu,ehime,5,4.5,3,2,3,2,3,3,4,4,5,5,2,2,f,60th
28,g,tonkatsu,ehime,5,1,1,1,3,1,1,1,3,5,5,4.5,2,2,f,60th
29,g,tonkatsu,ehime,5,5,5,4,4,3,3,4,4,4,5,5,4,3,f,50th
30,g,tonkatsu,ehime,4.5,4.5,5,5,2,2,5,5,5,5,5,5,5,5,f,50th
31,g,tonkatsu,ehime,5,1,5,1,3,1,3,1,5,5,5,5,5,3,f,60th
32,g,tonkatsu,ehime,5,4.5,3,3,3,3,2,2,4,4,5,4.5,4,3,m,60th
33,g,tonkatsu,ehime,5,1,4,2,5,4,4,4,4,4,4.5,4.5,3,3,f,60th
34,g,tonkatsu,ehime,5,1,4,3,4,2,3,3,4,3,4.5,4.5,2,2,f,20th
35,g,tonkatsu,ehime,5,1,3,1,1,1,3,3,3,3,1,1,3,3,f,60th
36,g,tonkatsu,ehime,5,1,5,4,5,4,5,4,4,4,5,5,3,3,f,60th
37,g,tonkatsu,ehime,5,5,3,3,3,2,3,2,3,2,5,5,3,3,f,20th
38,g,tonkatsu,ehime,5,1,4,1,4,2,3,3,4,3,4.5,5,2,3,f,60th
39,g,tonkatsu,ehime,5,4.5,5,4,5,4,4,4,4,4,5,5,4,4,m,30th
40,g,tonkatsu,ehime,5,5,3,1,3,1,3,2,3,3,1,1,1,3,m,50th
41,g,tonkatsu,ehime,4.5,5,1,5,4,4,5,5,5,5,1,1,5,5,m,30th
42,g,tonkatsu,ehime,5,5,1,1,3,3,5,5,5,5,5,5,1,2,f,40th
43,g,tonkatsu,ehime,5,5,4,4,5,3,5,5,4,4,5,5,3,3,m,20th
44,g,tonkatsu,ehime,5,5,5,5,4,3,3,3,4,4,5,4.5,2,4,f,40th
45,g,tonkatsu,ehime,5,5,4,4,4,4,2,3,4,4,4.5,4.5,4,4,f,40th
46,g,tonkatsu,ehime,5,1,4,2,3,3,4,4,4,4,5,5,2,3,f,40th
47,g,tonkatsu,ehime,5,1,5,1,4,2,4,3,4,3,5,1,3,3,f,40th
48,g,tonkatsu,ehime,5,5,4,2,5,3,4,3,5,4,5,4.5,4,4,m,20th
1,h,syogayaki,toyama,5,5,5,5,5,5,5,5,5,5,4.5,4.5,5,4,f,50th
2,h,syogayaki,toyama,5,5,5,5,5,5,5,5,5,5,5,5,5,5,m,40th
3,h,syogayaki,toyama,5,5,5,5,5,5,2,2,3,3,5,5,5,5,f,60th
4,h,syogayaki,toyama,5,5,5,5,5,5,5,5,5,5,4.5,4.5,5,5,f,50th
5,h,syogayaki,toyama,5,5,5,5,5,5,5,5,3,3,4.5,4.5,4,4,m,30th
6,h,syogayaki,toyama,5,5,5,5,5,5,3,3,5,5,5,5,4,4,f,40th
7,h,syogayaki,toyama,5,5,5,5,3,3,5,5,5,5,5,5,5,5,m,70th
8,h,syogayaki,toyama,5,5,5,5,5,5,5,5,5,5,5,5,5,5,f,20th
9,h,syogayaki,toyama,4.5,4.5,5,5,5,5,5,5,5,5,5,5,3,3,m,40th
10,h,syogayaki,toyama,5,5,5,5,5,5,5,5,5,5,4.5,4.5,5,5,f,40th
11,h,syogayaki,toyama,5,5,5,5,5,5,5,5,5,5,5,5,5,5,m,60th
12,h,syogayaki,toyama,5,5,4,4,4,4,3,3,3,3,5,5,4,4,f,40th
13,h,syogayaki,toyama,5,5,5,5,4,4,1,1,5,5,5,5,4,4,f,40th
14,h,syogayaki,toyama,5,5,5,5,5,5,5,5,2,2,5,5,5,5,m,40th
16,h,syogayaki,toyama,5,5,5,5,5,5,5,5,5,5,5,5,5,5,f,40th
17,h,syogayaki,toyama,5,4.5,5,5,5,5,5,5,3,3,5,5,4,4,f,30th
18,h,syogayaki,toyama,5,5,5,5,5,5,4,4,5,5,1,1,3,3,f,60th
19,h,syogayaki,toyama,5,5,5,5,5,5,3,3,5,5,5,5,4,4,m,40th
20,h,syogayaki,toyama,5,5,5,5,5,5,5,5,5,5,4.5,4.5,5,5,f,40th
21,h,syogayaki,toyama,5,5,5,5,5,5,5,5,4,4,5,5,5,5,m,30th
22,h,syogayaki,toyama,5,5,5,5,5,5,5,5,5,5,5,5,5,5,f,60th
23,h,syogayaki,toyama,5,5,5,5,5,5,5,5,5,5,5,5,5,5,f,10th
24,h,syogayaki,toyama,5,5,5,5,5,5,5,5,5,3,5,5,5,5,f,30th
25,h,syogayaki,toyama,5,5,5,5,5,5,5,5,5,5,5,5,5,5,f,30th
26,h,syogayaki,toyama,1,1,5,5,4,4,5,5,5,5,5,5,5,5,f,60th
27,h,syogayaki,toyama,5,5,5,5,5,5,3,3,3,3,5,5,3,3,m,40th
28,h,syogayaki,toyama,5,5,5,5,3,3,5,5,5,5,1,1,5,5,f,10th
29,h,syogayaki,toyama,5,5,5,5,3,3,5,5,5,5,5,5,5,5,m,10th
30,h,syogayaki,toyama,5,5,5,2,3,3,4,4,2,2,4.5,4.5,2,3,f,30th
31,h,syogayaki,toyama,5,5,5,4,5,5,5,5,5,5,5,5,5,5,m,30th
32,h,syogayaki,toyama,5,5,5,5,5,5,5,5,5,5,5,5,5,5,f,50th
33,h,syogayaki,toyama,5,5,5,5,5,5,5,5,1,1,5,5,5,5,m,10th
34,h,syogayaki,toyama,5,5,5,5,5,5,5,3,3,3,5,5,1,1,f,60th
35,h,syogayaki,toyama,1,1,5,5,3,3,1,1,1,1,5,5,1,1,f,50th
36,h,syogayaki,toyama,5,5,3,3,3,3,3,3,3,3,5,5,3,3,f,50th
37,h,syogayaki,toyama,5,5,3,3,5,5,1,1,1,1,5,5,2,2,f,30th
38,h,syogayaki,toyama,5,5,3,3,5,5,1,1,1,1,5,5,2,2,f,60th
39,h,syogayaki,toyama,5,5,5,5,5,5,5,5,4,4,5,5,5,5,m,70th
40,h,syogayaki,toyama,5,5,3,3,5,5,3,3,3,3,5,5,5,5,f,70th
41,h,syogayaki,toyama,5,5,5,5,5,5,5,5,4,4,4.5,4.5,3,3,f,10th
42,h,syogayaki,toyama,5,5,5,5,5,5,5,5,5,5,5,5,5,5,f,60th
43,h,syogayaki,toyama,5,4.5,5,5,5,5,5,5,5,5,4.5,4.5,3,3,f,50th
44,h,syogayaki,toyama,5,5,5,5,5,5,5,5,5,5,4.5,4.5,5,5,m,30th
45,h,syogayaki,toyama,5,4.5,5,5,5,5,5,5,4,4,5,5,4,4,m,50th
46,h,syogayaki,toyama,5,5,5,5,5,5,5,5,5,5,4.5,4.5,5,5,m,50th
47,h,syogayaki,toyama,4.5,4.5,5,5,4,4,3,3,5,5,5,5,5,5,f,40th
48,h,syogayaki,toyama,5,5,5,5,5,5,4,4,5,5,4.5,4.5,4,4,f,30th
49,h,syogayaki,toyama,5,5,5,5,4,4,2,2,4,4,5,5,4,4,f,60th
50,h,syogayaki,toyama,5,5,5,5,5,5,5,5,5,5,5,5,5,5,f,10th
51,h,syogayaki,toyama,5,5,5,5,4,4,5,5,4,4,4.5,4.5,5,5,f,60th
1,h,syogayaki,ehime,5,5,4,3,3,3,3,3,4,4,5,5,3,3,f,30th
2,h,syogayaki,ehime,5,5,4,4,4,3,4,3,4,4,5,4.5,4,3,f,40th
3,h,syogayaki,ehime,5,5,3,3,3,3,5,5,5,5,5,5,3,3,f,60th
4,h,syogayaki,ehime,5,1,5,4,5,4,4,3,3,3,5,5,3,3,f,30th
5,h,syogayaki,ehime,5,1,5,5,5,4,3,3,3,4,5,5,2,2,f,30th
6,h,syogayaki,ehime,5,5,3,3,3,3,3,3,5,5,5,5,3,3,f,60th
7,h,syogayaki,ehime,5,5,3,5,3,3,3,3,3,3,5,5,3,4,f,60th
8,h,syogayaki,ehime,5,5,4,4,5,3,3,3,3,3,5,5,4,3,f,60th
9,h,syogayaki,ehime,5,5,5,4,5,4,5,4,5,4,5,5,4,5,f,60th
10,h,syogayaki,ehime,5,5,3,3,3,3,3,2,3,3,5,5,4,3,f,60th
11,h,syogayaki,ehime,5,5,5,5,5,4,4,4,4,4,5,5,4,4,m,40th
12,h,syogayaki,ehime,5,5,4,4,4,4,4,4,5,5,1,1,3,3,f,30th
13,h,syogayaki,ehime,4.5,5,5,3,4,2,4,2,4,4,4.5,4.5,3,3,f,50th
14,h,syogayaki,ehime,5,5,3,3,4,3,4,4,5,4,5,5,3,4,m,60th
15,h,syogayaki,ehime,5,5,3,3,4,4,4,4,4,4,5,5,4,4,m,60th
16,h,syogayaki,ehime,5,4.5,4,3,3,3,4,4,4,4,4.5,4.5,3,3,f,40th
17,h,syogayaki,ehime,5,5,4,4,4,4,4,4,3,3,4.5,4.5,3,4,f,30th
18,h,syogayaki,ehime,5,5,5,5,5,5,4,4,3,3,1,4.5,4,4,f,50th
19,h,syogayaki,ehime,4.5,5,4,3,4,2,3,3,2,3,5,5,2,3,f,40th
20,h,syogayaki,ehime,5,4.5,4,3,4,3,1,1,5,5,5,5,2,2,f,30th
21,h,syogayaki,ehime,5,5,4,4,4,3,3,3,4,3,5,4.5,4,3,m,60th
22,h,syogayaki,ehime,5,5,5,3,5,3,3,3,4,4,5,5,3,4,f,60th
23,h,syogayaki,ehime,4.5,5,3,2,3,2,2,2,4,4,5,5,2,2,f,50th
24,h,syogayaki,ehime,4.5,5,4,3,5,3,2,3,3,3,5,4.5,3,3,f,40th
25,h,syogayaki,ehime,5,4.5,3,4,3,3,3,3,4,3,5,5,3,3,f,60th
26,h,syogayaki,ehime,5,4.5,3,2,4,2,4,4,3,3,5,5,4,3,f,50th
27,h,syogayaki,ehime,5,4.5,4,3,3,3,3,3,3,3,4.5,4.5,2,3,f,60th
28,h,syogayaki,ehime,4.5,5,3,3,3,2,3,3,2,3,5,5,2,3,f,40th
29,h,syogayaki,ehime,5,5,4,3,3,3,3,3,3,3,4.5,5,2,3,f,60th
30,h,syogayaki,ehime,1,5,4,4,4,4,2,2,1,2,1,5,4,4,m,20th
31,h,syogayaki,ehime,5,5,4,4,4,4,3,3,4,4,5,5,3,4,f,50th
32,h,syogayaki,ehime,5,5,5,5,5,5,4,4,5,5,5,5,5,5,f,60th
33,h,syogayaki,ehime,5,4.5,5,4,4,3,4,3,4,3,4.5,4.5,3,4,f,50th
34,h,syogayaki,ehime,5,5,5,5,5,3,3,3,4,4,5,5,4,4,f,60th
35,h,syogayaki,ehime,5,5,5,5,4,4,4,4,4,4,5,5,4,4,f,50th
36,h,syogayaki,ehime,5,5,4,3,4,3,4,3,4,3,4.5,5,3,3,m,40th
37,h,syogayaki,ehime,5,1,4,4,5,3,3,3,3,3,5,5,3,3,f,30th
38,h,syogayaki,ehime,5,4.5,3,2,4,3,3,3,3,3,5,5,3,3,f,50th
39,h,syogayaki,ehime,5,5,3,3,3,2,2,2,3,3,4.5,5,3,2,m,50th
40,h,syogayaki,ehime,5,1,4,2,4,3,3,2,3,3,5,5,3,3,m,50th
1,i,yakiniku,toyama,5,5,5,5,5,2,5,5,5,5,1,1,5,5,f,60th
2,i,yakiniku,toyama,5,5,3,3,5,5,5,5,5,5,5,5,3,3,m,70th
3,i,yakiniku,toyama,1,1,5,5,3,4,5,5,3,3,1,5,3,3,f,40th
4,i,yakiniku,toyama,5,1,5,5,5,3,5,3,1,1,1,1,4,4,f,30th
5,i,yakiniku,toyama,5,1,5,5,5,1,5,1,5,1,1,1,5,5,f,40th
6,i,yakiniku,toyama,5,1,5,5,5,3,5,5,5,5,1,1,5,5,f,60th
7,i,yakiniku,toyama,1,1,5,5,5,3,5,5,5,5,4.5,4.5,5,5,f,70th
8,i,yakiniku,toyama,5,1,5,3,3,3,5,5,5,5,1,1,5,5,m,40th
9,i,yakiniku,toyama,5,1,5,3,3,3,5,5,5,5,1,1,5,5,m,40th
10,i,yakiniku,toyama,5,1,5,3,5,4,5,5,5,5,1,1,5,5,f,40th
11,i,yakiniku,toyama,5,1,5,5,4,2,5,5,5,5,1,1,2,2,m,40th
12,i,yakiniku,toyama,1,1,5,5,5,5,5,5,5,3,1,1,1,1,m,50th
13,i,yakiniku,toyama,1,1,5,1,3,1,5,5,5,5,1,1,3,3,m,30th
14,i,yakiniku,toyama,5,1,5,3,5,3,5,5,3,3,1,1,3,3,f,50th
15,i,yakiniku,toyama,1,1,5,3,5,2,5,5,5,5,1,1,4,4,f,50th
16,i,yakiniku,toyama,5,1,5,3,5,3,5,5,5,5,1,1,3,3,m,40th
17,i,yakiniku,toyama,4.5,4.5,5,5,4,4,5,5,5,5,4.5,4.5,5,5,f,30th
19,i,yakiniku,toyama,4.5,4.5,5,5,4,4,5,5,5,5,4.5,4.5,4,4,m,30th
20,i,yakiniku,toyama,5,4.5,5,4,3,2,5,5,5,5,4.5,4.5,5,5,f,30th
21,i,yakiniku,toyama,5,4.5,5,5,5,5,5,5,4,4,4.5,4.5,3,3,m,40th
23,i,yakiniku,toyama,4.5,4.5,5,5,5,5,5,5,5,5,1,1,2,2,m,60th
24,i,yakiniku,toyama,4.5,4.5,5,5,5,5,5,5,5,5,1,1,2,2,f,50th
25,i,yakiniku,toyama,1,1,5,5,2,2,5,5,5,5,1,1,2,2,f,50th
26,i,yakiniku,toyama,1,1,5,5,5,5,4,4,4,4,4.5,4.5,4,4,f,40th
27,i,yakiniku,toyama,5,1,5,5,5,5,5,5,5,5,5,4.5,3,3,m,50th
28,i,yakiniku,toyama,4.5,4.5,5,5,3,3,4,4,5,5,4.5,4.5,2,2,f,70th
29,i,yakiniku,toyama,5,5,5,5,3,3,5,5,5,5,1,1,3,3,m,20th
30,i,yakiniku,toyama,1,1,5,5,5,5,5,5,5,5,4.5,4.5,2,2,f,40th
31,i,yakiniku,toyama,5,5,5,5,4,4,5,5,5,5,4.5,4.5,4,4,m,20th
32,i,yakiniku,toyama,5,5,5,5,4,4,4,4,4,4,4.5,4.5,3,3,f,40th
33,i,yakiniku,toyama,5,4.5,5,3,3,3,3,3,3,3,4.5,4.5,2,2,m,60th
34,i,yakiniku,toyama,5,5,5,5,2,2,3,3,3,3,4.5,4.5,3,3,f,50th
35,i,yakiniku,toyama,4.5,4.5,4,3,4,3,4,4,4,4,4.5,4.5,2,2,f,50th
36,i,yakiniku,toyama,5,5,5,5,4,4,4,4,4,4,4.5,4.5,3,3,m,30th
37,i,yakiniku,toyama,4.5,4.5,5,5,3,3,5,5,5,5,4.5,4.5,2,2,m,30th
38,i,yakiniku,toyama,5,5,4,4,4,4,5,5,5,5,5,5,3,3,m,70th
39,i,yakiniku,toyama,5,5,5,2,3,3,5,5,5,5,4.5,4.5,4,4,f,20th
40,i,yakiniku,toyama,4.5,4.5,5,5,3,3,4,4,4,4,4.5,1,3,3,m,60th
41,i,yakiniku,toyama,5,5,5,5,4,4,5,5,5,5,5,4.5,3,3,m,60th
42,i,yakiniku,toyama,5,5,5,5,4,3,5,5,5,5,5,5,3,3,m,60th
43,i,yakiniku,toyama,5,4.5,5,5,4,2,5,5,5,5,4.5,4.5,4,4,f,50th
44,i,yakiniku,toyama,4.5,4.5,5,5,3,3,5,5,5,5,4.5,4.5,4,5,m,60th
1,j,yakiniku,toyama,5,5,5,5,5,5,5,5,5,5,4.5,4.5,5,5,f,60th
2,j,yakiniku,toyama,5,5,5,5,5,5,4,4,5,5,5,5,5,5,f,60th
3,j,yakiniku,toyama,5,5,4,4,3,3,5,5,5,5,5,5,4,4,f,70th
4,j,yakiniku,toyama,5,5,5,5,5,5,5,5,5,5,5,5,5,5,f,40th
5,j,yakiniku,toyama,4.5,4.5,3,3,3,3,5,5,3,3,5,5,4,4,f,40th
6,j,yakiniku,toyama,4.5,4.5,3,3,3,3,5,5,3,3,5,5,4,4,m,40th
7,j,yakiniku,toyama,5,1,5,4,5,2,5,3,3,5,4.5,1,5,5,f,40th
8,j,yakiniku,toyama,5,5,5,4,5,2,5,3,3,5,4.5,1,5,5,f,40th
9,j,yakiniku,toyama,5,5,5,5,5,5,5,5,5,5,5,5,5,5,m,70th
10,j,yakiniku,toyama,5,5,5,5,5,5,5,5,5,5,5,5,5,5,f,60th
11,j,yakiniku,toyama,5,5,5,5,5,5,5,5,5,5,5,5,5,5,f,50th
12,j,yakiniku,toyama,5,5,5,5,5,5,5,5,5,5,5,5,5,5,f,50th
13,j,yakiniku,toyama,5,1,5,3,1,1,2,1,1,1,5,4.5,1,3,m,40th
14,j,yakiniku,toyama,5,5,5,5,5,5,5,5,4,4,4.5,4.5,4,4,f,30th
15,j,yakiniku,toyama,5,5,5,5,5,5,5,5,4,4,4.5,4.5,5,5,m,30th
16,j,yakiniku,toyama,5,5,5,5,5,5,5,5,5,5,5,5,5,5,f,70th
17,j,yakiniku,toyama,5,4.5,5,5,5,3,5,5,5,5,5,5,5,5,f,40th
18,j,yakiniku,toyama,5,4.5,5,5,5,3,5,5,5,5,5,5,5,5,m,40th
19,j,yakiniku,toyama,5,5,5,5,3,3,5,5,5,3,1,1,4,3,f,40th
20,j,yakiniku,toyama,5,5,4,4,4,3,5,5,5,5,4.5,1,3,3,f,50th
22,j,yakiniku,toyama,5,4.5,5,5,5,3,5,5,5,5,4.5,1,3,5,f,20th
23,j,yakiniku,toyama,5,5,5,3,5,4,5,5,5,5,5,4.5,5,5,m,40th
24,j,yakiniku,toyama,5,5,5,5,5,5,5,5,5,5,5,5,5,5,f,60th
25,j,yakiniku,toyama,5,5,5,5,5,5,5,5,5,5,5,5,5,5,f,50th
26,j,yakiniku,toyama,5,4.5,5,5,5,5,5,5,5,5,4.5,4.5,5,5,m,30th
27,j,yakiniku,toyama,5,5,5,5,5,5,4,4,5,5,5,5,5,5,f,30th
28,j,yakiniku,toyama,5,5,5,5,5,5,5,5,5,5,5,5,4,4,f,30th
29,j,yakiniku,toyama,5,5,5,5,5,5,5,5,5,5,5,5,4,4,f,30th
30,j,yakiniku,toyama,5,5,5,5,5,5,5,5,5,4,5,4.5,4,4,m,40th
31,j,yakiniku,toyama,5,5,5,5,5,5,5,5,5,4,5,4.5,5,5,f,40th
32,j,yakiniku,toyama,5,5,5,5,5,4,5,5,5,5,5,5,4,4,f,50th
33,j,yakiniku,toyama,5,5,5,5,5,5,5,5,5,4,4.5,4.5,5,5,m,40th
34,j,yakiniku,toyama,5,5,5,5,5,5,5,5,5,5,4.5,4.5,5,5,f,30th
35,j,yakiniku,toyama,5,5,5,5,5,5,5,5,5,5,5,5,5,5,f,30th
36,j,yakiniku,toyama,5,5,5,5,5,5,5,5,5,5,5,5,5,5,f,60th
37,j,yakiniku,toyama,5,5,5,5,5,5,5,5,5,5,5,5,5,5,m,50th
38,j,yakiniku,toyama,5,5,5,5,5,5,5,5,5,5,5,5,5,5,f,50th
39,j,yakiniku,toyama,4.5,4.5,5,5,5,5,5,5,5,5,5,5,5,4,f,50th
40,j,yakiniku,toyama,5,1,5,3,4,4,4,4,5,5,5,4.5,5,5,m,20th
41,j,yakiniku,toyama,5,4.5,5,5,3,3,5,5,5,5,4.5,4.5,5,5,m,30th
42,j,yakiniku,toyama,5,4.5,5,5,3,5,5,5,5,5,4.5,4.5,5,5,f,30th
43,j,yakiniku,toyama,5,5,5,5,5,5,3,3,5,5,5,5,5,4,f,30th
44,j,yakiniku,toyama,5,5,5,5,5,5,5,5,5,5,5,5,5,5,f,60th
45,j,yakiniku,toyama,5,5,5,5,5,4,5,5,5,5,5,5,5,5,f,60th
46,j,yakiniku,toyama,5,5,5,5,5,5,5,5,5,5,5,5,5,5,m,60th
47,j,yakiniku,toyama,5,4.5,5,3,5,3,5,4,5,5,5,5,5,4,f,40th
48,j,yakiniku,toyama,5,5,5,5,5,5,5,5,5,5,5,5,5,5,f,20th
49,j,yakiniku,toyama,5,5,5,5,5,5,5,5,5,4,4.5,4.5,5,5,f,20th
1,k,butanikudango,ehime,5,5,4,4,4,4,3,4,3,4,5,5,4,4,f,30th
2,k,butanikudango,ehime,1,1,5,5,5,5,5,5,4,4,5,5,4,4,f,50th
3,k,butanikudango,ehime,4.5,1,4,2,4,2,4,3,4,4,5,5,3,3,f,50th
4,k,butanikudango,ehime,5,4.5,4,4,4,4,5,5,4,4,4.5,4.5,4,4,f,40th
5,k,butanikudango,ehime,5,4.5,5,5,5,5,4,5,4,4,5,5,4,4,f,40th
6,k,butanikudango,ehime,5,4.5,5,5,5,5,2,4,4,3,4.5,5,4,4,m,50th
7,k,butanikudango,ehime,5,1,5,5,3,3,4,4,4,4,5,5,4,4,f,50th
8,k,butanikudango,ehime,5,1,5,5,5,5,5,5,5,5,5,4.5,5,5,f,60th
9,k,butanikudango,ehime,5,1,5,5,5,4,5,5,5,5,5,5,5,5,f,60th
10,k,butanikudango,ehime,5,1,5,5,5,5,5,5,4,4,5,5,4,4,f,50th
11,k,butanikudango,ehime,5,4.5,5,4,5,4,5,5,4,4,5,5,5,5,f,60th
12,k,butanikudango,ehime,5,1,5,4,5,4,4,4,4,4,5,4.5,4,4,f,40th
13,k,butanikudango,ehime,5,1,5,5,2,2,3,3,3,3,5,4.5,4,4,f,60th
14,k,butanikudango,ehime,5,1,5,5,5,5,5,5,5,5,5,4.5,4,3,f,60th
15,k,butanikudango,ehime,5,5,5,5,5,5,5,5,4,4,1,1,5,5,f,60th
16,k,butanikudango,ehime,5,5,5,5,5,5,5,5,5,5,5,5,5,5,f,60th
17,k,butanikudango,ehime,5,5,4,4,4,4,2,2,3,3,5,5,3,3,m,50th
18,k,butanikudango,ehime,5,4.5,4,3,4,3,4,4,4,4,5,5,4,4,m,40th
19,k,butanikudango,ehime,5,5,5,5,5,4,4,4,5,5,4.5,4.5,4,5,m,60th
20,k,butanikudango,ehime,5,4.5,5,4,5,4,5,5,4,4,5,5,5,5,f,30th
21,k,butanikudango,ehime,5,4.5,3,3,3,2,5,3,5,3,5,5,4,4,f,50th
22,k,butanikudango,ehime,5,5,5,5,5,4,4,4,4,4,5,4.5,4,4,f,50th
23,k,butanikudango,ehime,5,5,3,3,4,3,2,3,3,3,5,4.5,3,5,f,60th
24,k,butanikudango,ehime,5,1,4,5,5,5,2,2,3,3,1,1,4,4,f,50th
25,k,butanikudango,ehime,5,4.5,5,4,5,4,5,4,5,3,5,4.5,4,4,f,50th
26,k,butanikudango,ehime,5,4.5,3,2,3,3,3,3,3,3,4.5,4.5,3,3,f,40th
27,k,butanikudango,ehime,5,4.5,4,3,4,2,3,3,4,4,4.5,5,3,4,f,50th
1,a,purukogi,medicare,5,5,3,2,3,3,4,3,4,4,5,5,3,3,m,50th
2,a,purukogi,medicare,5,5,5,3,4,3,4,3,4,3,5,5,3,,m,40th
3,a,purukogi,medicare,5,4.5,4,3,4,4,5,4,5,4,5,5,5,5,f,30th
4,a,purukogi,medicare,5,,2,,2,,2,,5,,5,,3,3,,
5,a,purukogi,medicare,5,,3,,5,,4,,4,,5,,3,5,f,20th
6,a,purukogi,medicare,5,5,5,3,5,3,5,3,4,3,5,5,4,4,m,40th
7,a,purukogi,medicare,4.5,4.5,4,3,4,2,4,3,4,3,5,4.5,2,2,m,40th
8,a,purukogi,medicare,5,,2,,2,,4,,5,,5,,3,3,m,40th
9,a,purukogi,medicare,5,4.5,3,2,3,2,2,2,3,3,5,5,2,2,m,50th
10,a,purukogi,medicare,5,4.5,5,3,4,3,5,4,5,3,5,5,4,4,f,50th
11,a,purukogi,medicare,5,4.5,4,2,3,1,5,5,5,5,5,5,5,4,m,20th
12,a,purukogi,medicare,4.5,1,3,2,3,2,2,1,4,4,5,5,2,3,f,20th
13,a,purukogi,medicare,5,4.5,4,3,5,3,3,3,5,4,5,4.5,3,3,m,40th
14,a,purukogi,medicare,5,1,3,1,3,3,4,3,4,4,5,5,3,3,m,50th
15,a,purukogi,medicare,5,,4,,2,,5,,5,,5,,,,f,30th
16,a,purukogi,medicare,5,4.5,3,2,3,2,3,3,4,4,5,5,3,3,f,50th
17,a,purukogi,medicare,5,4.5,4,2,4,3,4,4,4,4,5,5,3,4,f,30th
18,a,purukogi,medicare,5,4.5,5,5,4,4,4,4,5,5,5,4.5,4,4,f,30th
19,a,purukogi,medicare,,,5,4,5,4,4,4,4,4,5,5,4,3,f,40th
20,a,purukogi,medicare,5,,5,,5,,5,,5,,5,,5,5,m,40th
21,a,purukogi,medicare,5,4.5,4,2,4,2,4,4,4,4,4.5,5,2,2,m,50th
22,a,purukogi,medicare,5,4.5,3,2,4,3,3,3,3,3,5,4.5,3,4,m,50th
23,a,purukogi,medicare,5,,4,,4,,4,,4,,5,,3,3,m,30th
24,a,purukogi,medicare,1,5,4,4,4,3,1,1,3,3,5,5,4,4,m,50th
25,a,purukogi,medicare,5,4.5,4,4,4,4,5,5,4,4,5,4.5,4,4,m,40th
26,a,purukogi,medicare,5,5,4,4,4,4,2,,4,3,1,5,3,4,m,20th
27,a,purukogi,medicare,5,,4,,4,,3,,4,,5,,2,3,m,40th
28,a,purukogi,medicare,5,5,4,4,4,4,5,5,4,4,5,5,3,5,f,50th
29,a,purukogi,medicare,5,5,5,4,5,4,5,5,5,5,5,5,5,5,f,20th
30,a,purukogi,medicare,5,5,4,5,5,4,2,2,4,4,5,5,4,4,m,30th
31,a,purukogi,medicare,5,,3,,4,,3,,3,,5,,4,3,m,50th
32,a,purukogi,medicare,5,5,4,3,4,3,3,3,3,3,5,5,3,3,m,50th
33,a,purukogi,medicare,5,5,4,4,4,4,4,4,4,4,5,5,4,4,m,50th
1,b,sukini,medicare,5,4.5,3,2,3,2,2,2,2,2,5,4.5,2,,m,50th
2,b,sukini,medicare,4.5,4.5,3,2,4,3,4,4,5,5,5,5,3,3,f,30th
3,b,sukini,medicare,5,5,3,1,4,2,4,4,4,4,5,5,2,2,m,40th
4,b,sukini,medicare,5,4.5,3,2,3,2,2,2,3,2,5,5,2,2,m,40th
5,b,sukini,medicare,5,,3,3,4,2,2,2,4,3,4.5,5,2,2,f,40th
6,b,sukini,medicare,5,5,5,5,5,5,5,5,5,5,5,5,5,5,f,20th
7,b,sukini,medicare,5,4.5,3,2,3,3,3,3,3,3,5,5,4,4,m,50th
8,b,sukini,medicare,5,5,5,2,4,2,5,5,4,3,5,5,4,4,f,20th
9,b,sukini,medicare,5,1,2,1,3,1,1,1,2,2,4.5,4.5,2,3,f,30th
10,b,sukini,medicare,5,4.5,4,3,4,3,3,2,4,4,5,5,2,2,f,20th
11,b,sukini,medicare,5,4.5,1,1,3,3,3,2,3,,4.5,4.5,2,3,f,40th
12,b,sukini,medicare,5,,1,,2,,3,,4,,5,,1,2,f,40th
13,b,sukini,medicare,1,,2,,,4,3,,2,,,5,4,2,m,40th
14,b,sukini,medicare,5,5,4,4,3,3,4,4,4,4,5,5,4,4,m,50th
15,b,sukini,medicare,5,4.5,3,2,5,3,3,4,4,2,5,5,4,3,f,30th
16,b,sukini,medicare,5,4.5,3,2,3,2,1,2,4,4,5,5,3,3,f,20th
17,b,sukini,medicare,5,1,4,2,4,2,4,2,3,2,5,4.5,3,2,m,50th
18,b,sukini,medicare,5,4.5,4,4,4,4,4,4,4,4,5,5,4,4,m,70th
19,b,sukini,medicare,5,4.5,3,3,4,3,3,3,4,4,4.5,4.5,3,3,f,70th
20,b,sukini,medicare,4.5,4.5,4,2,3,1,2,1,2,2,4.5,4.5,1,2,f,50th
21,b,sukini,medicare,5,4.5,3,2,4,3,4,4,4,4,5,5,3,3,m,20th
22,b,sukini,medicare,4.5,,1,,2,,3,,3,,5,,2,3,f,40th
23,b,sukini,medicare,5,4.5,2,1,3,2,1,1,2,2,4.5,4.5,2,2,m,40th
24,b,sukini,medicare,5,5,3,3,4,4,3,3,4,4,5,5,4,4,m,70th
25,b,sukini,medicare,5,5,3,3,5,5,5,5,5,5,5,5,5,5,f,60th
26,b,sukini,medicare,5,4.5,2,1,4,2,4,3,4,2,4.5,5,3,3,f,20th
27,b,sukini,medicare,1,4.5,3,2,3,2,2,1,3,3,1,1,3,3,m,30th
28,b,sukini,medicare,5,5,5,5,3,3,3,3,3,3,5,5,3,3,m,50th
29,b,sukini,medicare,5,1,3,1,4,1,5,4,5,4,5,5,2,2,f,30th
30,b,sukini,medicare,5,4.5,4,3,4,3,4,3,4,3,5,5,3,3,f,20th
31,b,sukini,medicare,5,,5,,5,,4,,5,,1,,5,5,m,30th
32,b,sukini,medicare,5,4.5,3,2,4,3,4,4,4,4,5,5,4,4,f,30th
33,b,sukini,medicare,5,5,2,2,3,2,4,3,4,4,5,5,4,3,f,20th
34,b,sukini,medicare,5,5,4,3,4,3,3,3,3,3,5,5,3,4,f,30th
35,b,sukini,medicare,5,5,5,5,5,5,5,5,5,5,5,5,4,5,m,40th
36,b,sukini,medicare,5,4.5,4,4,3,4,4,4,4,4,4.5,4.5,5,5,f,60th
37,b,sukini,medicare,5,1,4,2,4,4,4,4,4,4,5,5,4,4,f,30th
38,b,sukini,medicare,5,4.5,3,2,3,3,2,2,4,4,5,5,3,3,f,20th
39,b,sukini,medicare,5,4.5,4,2,5,3,3,4,3,4,5,5,3,3,f,20th
40,b,sukini,medicare,4.5,5,4,4,4,4,3,3,4,4,5,5,4,4,m,50th
41,b,sukini,medicare,5,5,4,4,4,4,4,4,4,4,5,5,4,4,f,40th
42,b,sukini,medicare,5,4.5,5,3,5,2,4,4,4,4,4.5,5,4,5,m,40th
43,b,sukini,medicare,5,,2,1,2,1,4,3,4,4,4.5,5,1,1,f,50th
44,b,sukini,medicare,5,4.5,3,2,4,3,3,3,4,4,4.5,4.5,3,3,m,30th
45,b,sukini,medicare,4.5,5,2,2,4,3,2,3,4,3,5,5,3,3,m,30th
46,b,sukini,medicare,5,4.5,4,3,5,4,4,3,5,3,5,4.5,4,5,m,20th
1,h,syogayaki,medicare,5,4.5,4,3,4,3,4,4,4,4,5,4.5,3,3,f,20th
2,h,syogayaki,medicare,5,4.5,3,3,3,3,3,3,3,3,5,4.5,3,2,f,40th
3,h,syogayaki,medicare,5,4.5,4,2,3,3,4,4,3,3,4.5,,4,3,,
4,h,syogayaki,medicare,5,4.5,3,3,2,3,3,3,3,2,5,5,3,3,f,30th
5,h,syogayaki,medicare,5,,3,,3,,2,,3,,5,,3,3,m,50th
6,h,syogayaki,medicare,5,1,2,1,2,1,3,3,5,5,5,5,2,3,,
7,h,syogayaki,medicare,5,4.5,4,3,4,3,4,4,4,4,5,4.5,3,3,f,30th
8,h,syogayaki,medicare,,5,4,3,5,3,4,3,4,3,5,5,3,3,m,60th
9,h,syogayaki,medicare,5,5,3,2,3,3,3,4,3,3,5,5,3,4,m,30th
10,h,syogayaki,medicare,5,,3,4,4,2,4,4,5,4,5,4.5,3,2,f,20th
11,h,syogayaki,medicare,5,5,3,2,3,2,5,5,5,5,5,5,4,4,f,20th
12,h,syogayaki,medicare,5,5,5,3,5,3,5,5,5,4,1,1,3,3,f,30th
13,h,syogayaki,medicare,5,5,3,2,3,3,3,3,3,3,5,5,3,2,m,60th
14,h,syogayaki,medicare,5,4.5,3,2,3,2,3,3,3,3,5,5,3,3,m,50th
15,h,syogayaki,medicare,5,5,2,1,3,3,2,2,4,4,5,5,3,3,m,50th
16,h,syogayaki,medicare,5,5,4,4,4,4,4,4,4,4,4.5,4.5,4,4,f,20th
17,h,syogayaki,medicare,1,4.5,4,4,4,4,4,4,3,3,5,5,3,4,f,50th
18,h,syogayaki,medicare,5,5,4,4,4,4,4,4,4,4,4.5,4.5,3,4,f,20th
19,h,syogayaki,medicare,5,5,4,3,4,3,3,3,1,2,5,5,3,3,f,30th
20,h,syogayaki,medicare,5,4.5,3,2,3,2,3,3,3,4,5,5,3,4,m,40th
21,h,syogayaki,medicare,5,4.5,5,4,4,3,5,5,5,5,5,4.5,4,4,m,20th
22,h,syogayaki,medicare,5,4.5,2,1,3,1,4,2,4,4,4.5,4.5,2,2,f,50th
23,h,syogayaki,medicare,5,1,5,3,3,3,4,3,5,5,5,5,2,3,f,40th
24,h,syogayaki,medicare,5,4.5,4,4,4,4,4,4,3,3,5,5,3,4,m,40th
25,h,syogayaki,medicare,5,4.5,4,2,5,2,4,2,4,4,4.5,4.5,2,3,m,30th
26,h,syogayaki,medicare,5,4.5,3,2,3,4,3,3,3,3,4.5,4.5,3,3,f,50th
27,h,syogayaki,medicare,5,5,4,4,4,4,4,4,4,4,5,5,4,5,f,40th
1,k,butanikudango,medicare,5,5,3,2,3,3,4,4,5,5,5,5,4,5,m,40th
2,k,butanikudango,medicare,5,4.5,4,3,4,4,4,4,3,3,5,5,3,3,m,30th
3,k,butanikudango,medicare,5,4.5,5,5,5,4,3,2,5,5,5,5,4,3,f,20th
4,k,butanikudango,medicare,5,5,4,3,5,5,4,4,4,4,4.5,5,4,4,f,20th
5,k,butanikudango,medicare,5,5,4,2,3,2,2,2,5,5,5,5,3,3,f,20th
6,k,butanikudango,medicare,5,4.5,4,3,2,2,5,5,5,4,5,5,3,4,f,20th
7,k,butanikudango,medicare,5,4.5,4,3,5,3,4,4,4,4,5,4.5,4,3,m,50th
8,k,butanikudango,medicare,4.5,,3,,5,,5,,5,,5,,3,3,m,70th
9,k,butanikudango,medicare,5,5,3,3,3,3,3,3,3,3,5,5,3,3,m,40th
10,k,butanikudango,medicare,5,1,3,1,3,1,3,1,3,3,5,4.5,1,1,f,40th
11,k,butanikudango,medicare,5,1,3,3,4,3,4,4,4,4,5,5,4,4,f,60th
12,k,butanikudango,medicare,5,5,4,3,4,4,4,4,4,4,5,5,3,4,m,40th
13,k,butanikudango,medicare,5,5,3,3,,5,5,5,,,5,5,4,4,f,50th
14,k,butanikudango,medicare,5,5,5,5,5,5,5,5,5,5,5,5,5,5,f,30th
15,k,butanikudango,medicare,4.5,,3,3,3,2,4,4,5,3,4.5,4.5,3,3,m,60th
16,k,butanikudango,medicare,5,5,4,3,4,3,3,3,3,4,4.5,4.5,3,3,m,40th
17,k,butanikudango,medicare,1,,5,,5,,5,,5,,5,,3,3,m,60th
18,k,butanikudango,medicare,5,,4,,4,,5,,4,,5,,4,4,f,20th
19,k,butanikudango,medicare,5,5,3,3,3,3,4,4,3,3,5,5,3,2,m,70th
20,k,butanikudango,medicare,5,5,3,2,4,4,5,5,4,3,5,5,4,3,m,40th
21,k,butanikudango,medicare,5,4.5,3,3,3,3,4,4,5,5,5,5,4,4,f,40th
22,k,butanikudango,medicare,5,4.5,4,3,3,3,4,4,4,4,4.5,4.5,4,4,f,20th
23,k,butanikudango,medicare,5,5,4,3,4,3,4,3,4,4,4.5,4.5,4,4,m,60th
24,k,butanikudango,medicare,5,5,3,3,2,2,4,4,4,4,1,1,4,4,m,60th
25,k,butanikudango,medicare,4.5,1,3,2,5,3,4,3,5,5,4.5,5,2,2,m,30th
26,k,butanikudango,medicare,5,4.5,3,2,4,3,4,4,4,4,5,5,3,3,f,20th
27,k,butanikudango,medicare,5,5,4,3,5,4,4,4,5,4,5,5,4,4,f,50th
28,k,butanikudango,medicare,5,4.5,3,2,3,2,4,4,3,4,4.5,5,4,4,m,30th
29,k,butanikudango,medicare,5,5,4,3,5,4,4,4,4,4,5,5,3,4,m,50th
30,k,butanikudango,medicare,5,4.5,4,4,4,4,4,4,5,5,5,5,4,4,m,30th
1,e,menchikatsu,medicare,5,5,5,3,4,3,3,4,3,4,5,5,3,4,m,30th
2,e,menchikatsu,medicare,5,5,5,3,5,3,4,3,4,4,4.5,1,4,4,f,50th
3,e,menchikatsu,medicare,5,4.5,3,2,4,2,5,4,5,5,5,5,2,3,m,50th
4,e,menchikatsu,medicare,5,5,4,4,5,3,5,5,5,5,5,4.5,4,3,f,40th
5,e,menchikatsu,medicare,5,,4,,4,,4,,5,,4.5,,4,4,m,40th
6,e,menchikatsu,medicare,5,5,3,3,3,3,3,3,3,3,5,5,3,3,m,30th
7,e,menchikatsu,medicare,5,,5,,5,,4,,4,,5,,4,4,f,40th
8,e,menchikatsu,medicare,4.5,4.5,5,4,4,4,5,5,4,,5,,3,3,f,30th
9,e,menchikatsu,medicare,5,5,4,4,5,5,5,5,5,5,5,5,5,4,m,40th
10,e,menchikatsu,medicare,4.5,,3,,3,,1,,2,,5,,2,3,m,20th
11,e,menchikatsu,medicare,5,4.5,3,2,3,2,2,4,4,4,4.5,4.5,5,5,m,20th
12,e,menchikatsu,medicare,5,5,3,2,3,2,4,3,4,4,5,5,3,2,f,50th
13,e,menchikatsu,medicare,5,5,4,4,4,4,4,4,5,5,4.5,4.5,4,5,m,40th
14,e,menchikatsu,medicare,5,,4,,4,,4,,4,,5,,3,3,m,50th
15,e,menchikatsu,medicare,5,4.5,5,5,5,5,5,5,5,5,5,5,5,5,f,30th
16,e,menchikatsu,medicare,5,4.5,3,3,3,2,3,3,4,4,5,5,2,3,f,30th
17,e,menchikatsu,medicare,5,4.5,5,4,5,3,5,5,5,5,4.5,1,4,5,f,40th
18,e,menchikatsu,medicare,5,5,4,4,3,3,5,5,4,4,5,4.5,4,4,m,30th
19,e,menchikatsu,medicare,5,4.5,3,1,3,1,5,1,3,3,5,5,1,1,f,40th
20,e,menchikatsu,medicare,5,4.5,3,1,4,1,5,3,5,3,5,4.5,1,3,f,50th
21,e,menchikatsu,medicare,5,5,3,3,3,3,4,4,5,5,5,4.5,,4,f,40th
22,e,menchikatsu,medicare,5,4.5,3,2,3,2,4,3,4,4,5,5,4,4,m,30th
23,e,menchikatsu,medicare,5,4.5,3,2,3,4,2,1,4,4,5,4.5,3,3,m,60th
24,e,menchikatsu,medicare,4.5,,4,,4,,4,,4,,5,,4,4,f,60th
25,e,menchikatsu,medicare,5,5,,4,5,4,4,4,4,4,5,5,4,4,f,50th
26,e,menchikatsu,medicare,5,5,4,3,3,3,4,3,3,3,5,5,4,5,m,30th
27,e,menchikatsu,medicare,5,,4,,4,,2,,4,,4.5,,,,m,30th
28,e,menchikatsu,medicare,4.5,4.5,5,5,5,4,5,5,5,5,4.5,1,4,4,f,40th
29,e,menchikatsu,medicare,5,5,3,3,3,3,4,3,4,4,5,5,3,4,f,50th
30,e,menchikatsu,medicare,4.5,5,5,3,2,2,2,1,2,1,4.5,5,2,3,m,50th
31,e,menchikatsu,medicare,5,,3,,3,,4,,5,,5,,3,,f,40th
32,e,menchikatsu,medicare,5,,5,,3,,3,,3,,5,,3,3,f,30th
33,e,menchikatsu,medicare,5,5,5,5,5,5,5,5,5,5,5,5,5,5,f,50th
34,e,menchikatsu,medicare,5,,5,,4,,5,,5,,5,,5,5,f,30th
35,e,menchikatsu,medicare,5,5,3,3,3,3,5,5,4,4,5,5,4,4,f,50th
36,e,menchikatsu,medicare,5,5,5,5,4,4,3,3,5,5,5,5,3,4,f,40th
37,e,menchikatsu,medicare,5,,3,,3,,2,,3,,5,,3,3,,
38,e,menchikatsu,medicare,5,4.5,3,4,4,3,3,3,4,3,5,5,4,3,m,50th
39,e,menchikatsu,medicare,5,5,3,2,4,2,5,3,5,3,5,4.5,3,3,m,50th
40,e,menchikatsu,medicare,5,4.5,4,3,4,3,3,3,4,4,5,5,4,4,,
41,e,menchikatsu,medicare,5,4.5,4,3,4,3,4,4,4,4,5,4.5,2,2,f,50th
42,e,menchikatsu,medicare,5,4.5,5,,4,2,4,4,4,4,5,5,2,2,f,60th
43,e,menchikatsu,medicare,5,5,3,3,3,2,5,3,5,3,5,4.5,3,2,m,60th
44,e,menchikatsu,medicare,5,4.5,3,2,4,2,4,4,4,4,5,5,3,2,f,40th
45,e,menchikatsu,medicare,5,5,5,,5,,,,5,,5,,4,3,f,50th
46,e,menchikatsu,medicare,5,5,3,3,4,4,4,4,4,4,5,5,4,4,m,30th
47,e,menchikatsu,medicare,5,,4,,4,,4,,5,,5,,2,4,,
48,e,menchikatsu,medicare,5,4.5,3,3,5,2,5,5,5,5,5,5,5,5,f,30th
49,e,menchikatsu,medicare,5,4.5,5,4,4,4,3,3,4,4,4.5,4.5,4,4,m,70th
50,e,menchikatsu,medicare,5,5,5,5,5,4,5,4,5,5,1,1,3,5,f,60th
51,e,menchikatsu,medicare,5,5,4,5,4,5,2,3,3,4,5,5,3,3,m,60th
52,e,menchikatsu,medicare,5,5,3,3,4,4,5,5,3,3,5,5,3,3,f,40th
53,e,menchikatsu,medicare,5,,5,2,4,2,4,3,5,4,5,4.5,3,3,f,40th
54,e,menchikatsu,medicare,5,5,5,5,4,4,5,5,5,5,4.5,4.5,4,4,m,40th
55,e,menchikatsu,medicare,5,4.5,5,3,5,5,5,4,5,4,4.5,4.5,4,3,f,40th
56,e,menchikatsu,medicare,5,4.5,4,4,4,4,4,2,4,4,5,4.5,3,4,m,40th
57,e,menchikatsu,medicare,5,4.5,3,2,4,3,4,5,4,5,5,5,4,4,m,20th
1,f,onsyabu,medicare,5,4.5,3,2,3,2,2,2,3,3,5,5,3,3,m,20th
2,f,onsyabu,medicare,5,4.5,4,4,5,4,5,5,5,5,5,5,5,5,m,40th
3,f,onsyabu,medicare,5,4.5,5,5,5,2,4,3,4,2,5,5,4,4,m,30th
4,f,onsyabu,medicare,,1,3,1,5,1,2,3,5,5,5,5,3,3,m,50th
5,f,onsyabu,medicare,5,4.5,3,4,3,3,3,2,3,2,5,5,3,3,m,20th
6,f,onsyabu,medicare,5,,4,,4,,4,,2,,5,,4,4,m,50th
7,f,onsyabu,medicare,5,,3,,3,,2,,3,,4.5,,4,4,m,40th
8,f,onsyabu,medicare,4.5,4.5,5,4,4,3,3,3,3,3,5,5,4,4,m,40th
9,f,onsyabu,medicare,5,4.5,4,4,3,2,2,3,2,3,1,5,3,3,m,30th
10,f,onsyabu,medicare,5,5,3,3,3,3,4,4,4,4,5,5,3,3,m,50th
11,f,onsyabu,medicare,5,5,3,3,,,3,3,3,3,5,5,3,3,m,40th
12,f,onsyabu,medicare,5,,4,,4,,4,,4,,5,,4,4,f,40th
13,f,onsyabu,medicare,5,1,4,3,4,,5,,5,,5,,3,,f,50th
14,f,onsyabu,medicare,5,4.5,4,2,3,2,3,3,4,4,5,5,3,3,m,60th
15,f,onsyabu,medicare,5,5,4,4,4,3,3,2,3,3,1,4.5,4,4,f,40th
16,f,onsyabu,medicare,4.5,,5,,5,,3,,3,,5,,4,4,f,30th
17,f,onsyabu,medicare,4.5,1,3,3,3,2,3,2,3,3,5,5,3,2,f,50th
18,f,onsyabu,medicare,5,4.5,4,4,3,3,4,4,3,3,5,5,3,4,m,70th
19,f,onsyabu,medicare,4.5,4.5,3,3,3,2,4,4,4,4,5,5,4,4,m,40th
20,f,onsyabu,medicare,5,5,2,2,2,2,2,2,3,3,5,5,2,2,m,40th
21,f,onsyabu,medicare,5,4.5,4,3,4,3,3,3,4,4,5,5,3,3,f,20th
22,f,onsyabu,medicare,5,1,4,3,5,3,3,2,4,4,,4.5,3,4,f,50th
23,f,onsyabu,medicare,5,,3,,3,,4,,4,,5,,3,3,f,70th
24,f,onsyabu,medicare,5,,2,,4,,3,,3,,5,,2,2,m,40th
25,f,onsyabu,medicare,5,4.5,4,3,4,2,2,2,4,4,5,5,4,3,f,20th
26,f,onsyabu,medicare,5,5,3,3,4,4,4,4,5,5,5,5,4,3,f,70th
27,f,onsyabu,medicare,5,5,4,2,4,3,4,4,4,4,5,5,3,3,m,40th
28,f,onsyabu,medicare,5,5,4,4,4,4,5,5,5,5,5,5,4,5,f,40th
29,f,onsyabu,medicare,5,4.5,3,2,3,2,4,3,4,3,5,5,2,2,f,40th
30,f,onsyabu,medicare,5,4.5,4,3,4,3,3,3,4,4,5,5,3,3,m,70th
31,f,onsyabu,medicare,5,4.5,3,2,,2,4,3,3,3,5,5,3,2,f,20th
1,j,yakinikushio,medicare,5,4.5,4,5,2,1,3,3,4,4,4.5,1,3,3,m,40th
2,j,yakinikushio,medicare,5,4.5,4,3,5,3,5,5,5,5,5,5,4,5,f,40th
3,j,yakinikushio,medicare,5,4.5,2,1,3,1,5,4,5,5,5,1,2,2,f,30th
4,j,yakinikushio,medicare,5,1,4,2,4,2,4,4,,,4.5,4.5,1,2,m,20th
5,j,yakinikushio,medicare,5,4.5,3,2,4,2,5,5,5,5,5,4.5,1,1,,
6,j,yakinikushio,medicare,5,1,3,2,3,2,3,3,3,3,5,4.5,3,4,m,60th
7,j,yakinikushio,medicare,4.5,1,3,2,3,2,5,5,5,5,5,5,2,2,m,40th
8,j,yakinikushio,medicare,5,4.5,3,1,3,1,3,3,3,3,5,1,2,2,m,50th
9,j,yakinikushio,medicare,5,4.5,,3,,4,,3,3,3,4.5,5,5,4,f,20th
10,j,yakinikushio,medicare,5,4.5,2,2,5,2,5,2,5,5,4.5,5,3,5,f,40th
11,j,yakinikushio,medicare,4.5,1,4,4,4,3,4,4,5,5,5,5,3,4,m,30th
12,j,yakinikushio,medicare,5,4.5,3,1,3,3,4,4,5,5,4.5,4.5,4,4,m,50th
13,j,yakinikushio,medicare,5,4.5,4,3,3,2,4,3,4,4,5,4.5,3,3,m,40th
14,j,yakinikushio,medicare,4.5,4.5,5,2,4,2,5,3,5,3,4.5,1,3,2,m,50th
15,j,yakinikushio,medicare,5,4.5,3,2,2,1,3,3,3,3,5,5,2,2,m,40th
16,j,yakinikushio,medicare,5,1,4,2,4,2,3,2,5,4,5,4.5,2,3,m,20th
17,j,yakinikushio,medicare,5,5,2,1,3,2,3,3,4,4,5,5,1,3,m,60th
18,j,yakinikushio,medicare,5,4.5,3,4,4,3,4,4,4,4,5,5,4,5,m,50th
19,j,yakinikushio,medicare,5,1,4,2,4,2,4,4,4,4,4.5,5,2,3,m,50th
20,j,yakinikushio,medicare,5,4.5,3,1,3,2,4,3,5,4,5,5,2,2,m,40th
21,j,yakinikushio,medicare,1,1,4,2,3,2,5,4,4,4,5,5,2,3,m,30th
22,j,yakinikushio,medicare,5,4.5,3,2,1,1,3,3,3,3,5,5,2,2,m,30th
23,j,yakinikushio,medicare,5,1,3,2,4,1,5,4,4,4,5,5,4,4,m,50th
24,j,yakinikushio,medicare,5,1,5,2,4,2,5,4,5,5,5,5,2,4,m,30th
25,j,yakinikushio,medicare,5,4.5,3,2,3,2,4,4,4,5,5,4.5,3,3,f,20th
26,j,yakinikushio,medicare,5,4.5,3,1,3,1,3,2,3,3,5,1,1,1,f,50th
27,j,yakinikushio,medicare,1,1,1,1,2,2,2,2,3,3,5,5,2,2,m,40th
28,j,yakinikushio,medicare,5,4.5,5,3,4,2,5,4,3,3,4.5,1,2,3,f,20th
29,j,yakinikushio,medicare,5,4.5,4,4,5,4,5,5,5,5,4.5,4.5,4,4,m,40th
30,j,yakinikushio,medicare,5,1,5,1,5,2,5,5,5,5,5,5,3,3,f,40th
1,g,tonkatsu,medicare,5,4.5,4,3,5,3,3,3,4,4,5,5,4,3,m,60th
2,g,tonkatsu,medicare,5,5,4,4,3,3,3,3,3,3,4.5,4.5,2,2,m,40th
3,g,tonkatsu,medicare,5,,3,,3,,4,,4,,5,,3,3,f,20th
4,g,tonkatsu,medicare,5,4.5,4,3,2,3,4,3,2,3,5,5,4,4,m,30th
5,g,tonkatsu,medicare,5,4.5,3,4,4,3,4,4,3,4,4.5,4.5,3,3,m,40th
6,g,tonkatsu,medicare,,5,5,,3,,,,4,,1,,5,,m,40th
7,g,tonkatsu,medicare,5,,4,,4,,5,,5,,,,2,4,m,50th
8,g,tonkatsu,medicare,1,1,4,4,4,4,4,4,5,5,5,5,4,4,m,40th
9,g,tonkatsu,medicare,5,4.5,4,1,2,1,4,4,4,4,4.5,5,2,3,m,40th
10,g,tonkatsu,medicare,5,5,3,3,4,3,5,4,5,5,5,5,4,5,,
11,g,tonkatsu,medicare,5,4.5,4,2,2,1,3,3,3,3,5,5,2,2,m,50th
12,g,tonkatsu,medicare,4.5,5,4,3,4,3,3,3,3,4,5,4.5,3,4,m,70th
13,g,tonkatsu,medicare,5,5,4,3,3,3,4,4,4,4,5,5,2,3,m,30th
14,g,tonkatsu,medicare,5,5,4,2,3,2,2,2,1,3,5,5,3,2,m,60th
15,g,tonkatsu,medicare,4.5,5,2,,3,,4,,4,,5,,2,3,m,40th
1,i,yakinikushio,medicare,4.5,1,4,4,4,4,4,4,5,5,5,5,4,5,f,60th
2,i,yakinikushio,medicare,4.5,1,3,2,3,3,5,5,5,5,4.5,4.5,3,2,f,20th
3,i,yakinikushio,medicare,5,4.5,4,3,4,2,5,5,4,4,5,1,2,4,m,20th
4,i,yakinikushio,medicare,4.5,1,3,3,3,3,5,5,5,5,4.5,4.5,4,2,f,50th
5,i,yakinikushio,medicare,5,4.5,3,4,4,4,4,4,3,3,4.5,1,1,1,m,40th
6,i,yakinikushio,medicare,5,4.5,3,2,3,3,4,3,4,4,4.5,1,3,3,m,30th
7,i,yakinikushio,medicare,5,4.5,3,4,3,1,5,5,4,4,1,1,2,2,m,60th
8,i,yakinikushio,medicare,5,5,4,3,4,3,5,5,5,5,5,4.5,4,4,m,40th
9,i,yakinikushio,medicare,5,4.5,4,2,3,2,5,5,5,5,4.5,1,2,2,f,20th
10,i,yakinikushio,medicare,4.5,4.5,5,5,3,3,4,4,4,4,1,1,3,3,f,20th
11,i,yakinikushio,medicare,5,4.5,4,4,3,3,4,4,4,4,5,4.5,4,4,m,40th
12,i,yakinikushio,medicare,5,4.5,5,4,5,4,5,5,5,5,1,1,4,4,f,40th
13,i,yakinikushio,medicare,5,,3,,3,2,5,5,4,4,4.5,1,2,2,m,30th
14,i,yakinikushio,medicare,5,4.5,4,2,4,2,4,4,5,5,4.5,1,3,5,m,20th
15,i,yakinikushio,medicare,4.5,1,3,3,3,2,5,5,2,2,5,4.5,3,3,m,40th
16,i,yakinikushio,medicare,5,5,4,4,4,4,4,4,3,3,5,5,3,3,m,40th
17,i,yakinikushio,medicare,5,4.5,3,2,3,2,5,5,5,5,4.5,1,2,1,m,50th
18,i,yakinikushio,medicare,5,,5,,4,,5,,5,,4.5,,4,4,m,40th
19,i,yakinikushio,medicare,5,4.5,4,4,5,4,5,5,4,4,4.5,1,4,4,m,20th
20,i,yakinikushio,medicare,5,4.5,3,4,4,,5,5,5,5,4.5,1,4,3,m,40th
21,i,yakinikushio,medicare,5,4.5,4,3,4,3,5,5,5,5,4.5,4.5,3,4,f,40th
22,i,yakinikushio,medicare,5,4.5,3,3,3,3,5,5,3,3,4.5,1,2,3,f,20th
23,i,yakinikushio,medicare,5,4.5,5,5,4,3,5,5,5,5,4.5,1,5,5,m,20th
24,i,yakinikushio,medicare,5,1,5,3,3,2,5,5,5,5,4.5,1,2,2,m,50th
25,i,yakinikushio,medicare,5,5,3,4,5,3,4,5,4,4,4.5,5,4,4,m,60th
26,i,yakinikushio,medicare,5,4.5,3,2,3,2,5,5,5,5,4.5,1,2,2,f,40th
27,i,yakinikushio,medicare,4.5,4.5,4,4,4,4,4,4,4,4,4.5,4.5,1,1,m,70th
28,i,yakinikushio,medicare,4.5,1,2,1,2,1,4,4,4,4,4.5,1,1,1,f,50th
29,i,yakinikushio,medicare,5,5,5,5,4,2,5,5,5,5,4.5,1,3,5,f,30th
30,i,yakinikushio,medicare,5,4.5,3,3,3,3,,5,5,5,1,1,4,2,m,50th
31,i,yakinikushio,medicare,5,5,5,5,4,4,5,5,5,5,1,1,4,4,f,30th
32,i,yakinikushio,medicare,5,5,5,4,5,4,5,5,5,5,4.5,1,5,5,f,20th
33,i,yakinikushio,medicare,5,4.5,5,5,3,2,5,5,5,5,5,5,3,5,m,50th
34,i,yakinikushio,medicare,5,1,3,5,3,2,5,5,5,5,5,1,2,2,m,40th
35,i,yakinikushio,medicare,5,4.5,3,2,3,2,5,4,5,4,5,,2,2,f,20th
36,i,yakinikushio,medicare,4.5,1,3,3,3,3,5,5,5,5,4.5,1,4,5,m,30th
37,i,yakinikushio,medicare,5,4.5,2,1,2,1,5,5,5,5,4.5,1,2,1,m,60th
38,i,yakinikushio,medicare,5,4.5,3,3,3,3,4,4,4,4,4.5,4.5,4,4,m,40th
39,i,yakinikushio,medicare,5,4.5,4,2,4,2,4,4,4,4,5,4.5,2,3,m,40th
40,i,yakinikushio,medicare,5,5,5,4,5,4,5,5,5,5,4.5,1,5,5,f,40th
41,i,yakinikushio,medicare,5,5,5,2,5,3,5,5,5,2,1,5,2,,m,40th
42,i,yakinikushio,medicare,5,5,4,4,4,4,4,4,4,4,5,5,4,4,m,70th
43,i,yakinikushio,medicare,5,5,4,4,3,3,5,5,5,5,5,5,4,5,m,40th
44,i,yakinikushio,medicare,5,5,4,3,3,3,5,5,5,5,4.5,5,4,4,f,30th
45,i,yakinikushio,medicare,5,5,4,3,,,4,4,4,4,5,4.5,4,3,m,40th
46,i,yakinikushio,medicare,5,4.5,3,3,4,4,5,5,5,5,1,1,4,3,f,50th
47,i,yakinikushio,medicare,5,4.5,5,2,3,2,5,5,5,5,4.5,1,3,4,f,30th
48,i,yakinikushio,medicare,5,4.5,4,2,4,3,4,4,5,5,5,4.5,4,5,f,30th
49,i,yakinikushio,medicare,5,4.5,3,3,2,1,3,3,3,3,4.5,1,2,3,f,60th
50,i,yakinikushio,medicare,4.5,4.5,4,4,4,5,5,5,5,5,4.5,4.5,4,4,f,60th
51,i,yakinikushio,medicare,5,5,4,4,5,5,5,5,4,4,5,4.5,5,4,f,60th
52,i,yakinikushio,medicare,4.5,1,5,5,4,4,4,4,4,4,4.5,4.5,4,4,m,50th
53,i,yakinikushio,medicare,5,5,5,5,4,4,3,3,4,4,1,4.5,3,4,m,50th
54,i,yakinikushio,medicare,5,4.5,3,4,5,3,5,5,5,5,5,4.5,1,1,m,30th
55,i,yakinikushio,medicare,5,5,3,3,3,3,5,5,5,5,4.5,4.5,3,3,m,60th
56,i,yakinikushio,medicare,5,4.5,4,3,4,4,5,5,5,5,5,4.5,3,4,m,40th
57,i,yakinikushio,medicare,5,4.5,3,2,3,2,3,3,3,3,4.5,1,2,2,f,50th
58,i,yakinikushio,medicare,5,4.5,4,3,4,4,4,,4,4,4.5,4.5,4,4,m,40th
59,i,yakinikushio,medicare,5,4.5,5,5,3,2,5,5,5,5,4.5,1,3,3,m,50th
60,i,yakinikushio,medicare,5,4.5,3,2,2,2,3,3,3,3,4.5,1,2,1,m,60th
1,b,sukini,yakinikutokyo,5,5,5,5,5,5,2,2,3,,5,5,4,4,m,30th
2,b,sukini,yakinikutokyo,5,5,4,4,4,4,2,2,2,2,5,5,3,3,m,50th
3,b,sukini,yakinikutokyo,5,5,5,5,3,3,3,3,3,3,5,5,3,3,m,40th
4,b,sukini,yakinikutokyo,5,5,3,3,3,3,3,3,3,3,5,5,3,3,m,40th
5,b,sukini,yakinikutokyo,4.5,5,5,4,5,4,3,3,3,3,5,5,4,3,m,40th
6,b,sukini,yakinikutokyo,5,5,3,3,3,3,3,3,3,3,5,5,3,3,m,40th
7,b,sukini,yakinikutokyo,4.5,4.5,5,5,5,5,4,4,3,3,1,4.5,4,5,m,40th
8,b,sukini,yakinikutokyo,5,5,5,5,5,5,4,4,4,4,5,5,4,4,m,50th
9,b,sukini,yakinikutokyo,4.5,4.5,4,4,4,4,3,3,3,3,5,5,3,3,m,50th
10,b,sukini,yakinikutokyo,4.5,4.5,4,4,4,4,3,3,3,3,5,5,3,3,m,40th
11,b,sukini,yakinikutokyo,5,5,5,4,5,4,4,4,4,4,5,5,4,4,m,60th
12,b,sukini,yakinikutokyo,5,5,3,3,3,3,4,4,4,4,4.5,4.5,3,3,m,30th
13,b,sukini,yakinikutokyo,5,5,3,3,3,3,3,3,3,3,5,5,3,3,m,50th
14,b,sukini,yakinikutokyo,5,5,5,5,5,5,4,4,4,4,4.5,4.5,4,4,m,20th
15,b,sukini,yakinikutokyo,5,5,5,5,5,5,4,4,4,4,5,5,5,5,m,50th
16,b,sukini,yakinikutokyo,5,5,4,3,3,3,3,2,3,3,4.5,1,3,3,m,20th
17,b,sukini,yakinikutokyo,4.5,5,5,3,5,3,1,3,1,2,1,4.5,4,4,m,40th
18,b,sukini,yakinikutokyo,5,5,3,3,3,3,1,1,1,1,1,1,3,3,m,50th
19,b,sukini,yakinikutokyo,5,5,5,5,5,5,2,2,3,3,1,1,3,3,m,40th
20,b,sukini,yakinikutokyo,5,5,4,4,4,4,2,2,2,3,4.5,5,3,3,f,20th
21,b,sukini,yakinikutokyo,5,5,4,4,4,4,2,2,2,2,4.5,4.5,3,3,m,50th
22,b,sukini,yakinikutokyo,5,5,3,2,2,2,3,3,2,2,1,1,2,2,m,60th
23,b,sukini,yakinikutokyo,5,5,5,5,5,4,2,2,3,3,5,5,4,4,m,40th
24,b,sukini,yakinikutokyo,5,5,5,5,5,5,4,4,4,4,5,5,3,3,m,30th
25,b,sukini,yakinikutokyo,5,5,4,5,4,4,3,4,3,3,4.5,5,4,4,m,30th
26,b,sukini,yakinikutokyo,5,5,5,5,5,5,4,4,3,3,5,5,4,4,m,50th
27,b,sukini,yakinikutokyo,5,5,4,3,4,4,3,3,3,4,5,4.5,4,4,m,60th
28,b,sukini,yakinikutokyo,5,5,5,5,5,5,3,3,3,3,5,5,4,4,m,40th
29,b,sukini,yakinikutokyo,5,5,5,5,5,5,4,4,4,4,5,5,4,4,m,50th
30,b,sukini,yakinikutokyo,5,5,5,5,5,5,5,5,5,5,5,5,4,4,f,30th
1,c,yakinikushio,yakinikutokyo,5,5,3,2,3,2,3,3,3,3,5,5,2,2,m,50th
2,c,yakinikushio,yakinikutokyo,5,5,3,2,3,2,3,3,4,4,5,5,2,2,m,50th
3,c,yakinikushio,yakinikutokyo,5,5,4,4,4,4,3,3,3,3,5,5,4,4,f,50th
4,c,yakinikushio,yakinikutokyo,5,5,5,5,5,5,3,3,3,3,5,5,5,5,m,60th
5,c,yakinikushio,yakinikutokyo,5,5,5,5,5,5,5,5,5,5,1,1,5,5,m,40th
6,c,yakinikushio,yakinikutokyo,4.5,1,3,2,3,2,3,2,4,4,4.5,4.5,2,2,f,30th
7,c,yakinikushio,yakinikutokyo,5,5,4,4,4,4,4,4,4,4,4.5,4.5,5,5,m,50th
8,c,yakinikushio,yakinikutokyo,5,5,2,2,3,3,4,4,4,4,5,5,2,2,m,50th
9,c,yakinikushio,yakinikutokyo,4.5,4.5,5,5,4,4,4,4,5,5,4.5,4.5,3,2,f,20th
10,c,yakinikushio,yakinikutokyo,5,5,2,2,2,2,2,2,4,4,5,5,2,2,m,60th
11,c,yakinikushio,yakinikutokyo,5,5,2,2,2,2,3,3,3,3,5,5,2,2,m,40th
12,c,yakinikushio,yakinikutokyo,4.5,4.5,2,2,2,2,2,2,2,2,4.5,4.5,2,2,m,40th
13,c,yakinikushio,yakinikutokyo,5,5,2,2,3,3,3,3,3,3,4.5,5,3,3,m,50th
14,c,yakinikushio,yakinikutokyo,5,5,3,2,3,2,3,3,3,3,5,5,2,2,m,60th
15,c,yakinikushio,yakinikutokyo,5,5,2,1,2,1,2,1,3,3,5,5,2,2,m,40th
16,c,yakinikushio,yakinikutokyo,5,5,3,2,3,2,2,2,3,3,5,5,2,2,f,40th
17,c,yakinikushio,yakinikutokyo,5,5,4,4,4,4,3,3,3,3,5,5,4,4,f,40th
18,c,yakinikushio,yakinikutokyo,5,5,4,4,4,4,3,3,1,1,4.5,4.5,2,2,m,60th
19,c,yakinikushio,yakinikutokyo,5,5,3,2,3,2,2,2,3,3,5,5,2,2,m,50th
20,c,yakinikushio,yakinikutokyo,5,5,3,2,3,2,2,2,3,3,5,5,2,2,m,40th
1,d,steak,yakinikutokyo,5,5,4,2,3,3,2,4,2,4,4.5,1,3,3,m,60th
2,d,steak,yakinikutokyo,5,5,3,3,3,3,2,,1,3,4.5,5,3,3,m,60th
3,d,steak,yakinikutokyo,5,4.5,3,2,3,2,2,2,3,3,5,5,2,1,f,40th
4,d,steak,yakinikutokyo,5,5,4,4,4,4,4,4,4,4,5,5,3,2,m,60th
5,d,steak,yakinikutokyo,4.5,4.5,5,3,3,3,1,3,2,3,1,5,3,2,m,60th
6,d,steak,yakinikutokyo,5,5,4,3,4,3,4,4,4,4,5,5,2,2,m,50th
7,d,steak,yakinikutokyo,5,5,4,2,4,2,3,3,4,3,5,5,2,2,m,40th
8,d,steak,yakinikutokyo,1,4.5,5,4,,,5,5,5,5,5,5,4,4,m,40th
9,d,steak,yakinikutokyo,5,4.5,3,3,3,2,2,2,2,2,4.5,4.5,2,2,m,50th
10,d,steak,yakinikutokyo,5,5,4,4,3,3,2,2,2,2,4.5,4.5,2,2,m,40th
11,d,steak,yakinikutokyo,5,5,3,3,3,3,2,3,2,3,4.5,5,3,3,m,40th
12,d,steak,yakinikutokyo,5,5,5,4,5,4,4,4,4,4,4.5,4.5,4,4,m,50th
13,d,steak,yakinikutokyo,5,5,4,2,4,2,3,3,3,3,5,5,4,4,m,50th
14,d,steak,yakinikutokyo,5,5,3,1,3,1,3,3,3,3,5,5,2,2,m,30th
15,d,steak,yakinikutokyo,5,5,4,3,2,2,2,3,2,3,4.5,5,2,2,m,30th
16,d,steak,yakinikutokyo,5,5,3,2,3,2,3,2,3,3,5,4.5,3,3,m,20th
17,d,steak,yakinikutokyo,5,4.5,3,3,4,3,5,5,5,5,5,5,4,4,m,20th
18,d,steak,yakinikutokyo,5,5,2,2,5,5,2,2,2,2,4.5,4.5,3,3,f,30th
19,d,steak,yakinikutokyo,5,5,2,1,4,4,2,2,2,2,5,5,3,3,m,30th
20,d,steak,yakinikutokyo,5,5,4,4,4,4,4,4,4,4,4.5,4.5,3,3,m,50th
21,d,steak,yakinikutokyo,5,5,4,4,4,4,4,4,4,4,5,5,4,4,m,60th
22,d,steak,yakinikutokyo,5,5,4,4,4,4,4,4,4,4,5,5,4,4,m,60th
23,d,steak,yakinikutokyo,5,5,4,3,4,4,3,3,3,3,5,5,4,4,m,50th
24,d,steak,yakinikutokyo,4.5,4.5,1,1,2,2,2,2,2,2,4.5,4.5,2,1,m,50th
25,d,steak,yakinikutokyo,1,5,5,3,5,2,1,4,1,3,1,4.5,2,2,m,60th
26,d,steak,yakinikutokyo,5,5,4,3,4,3,4,4,3,3,5,5,4,4,m,50th
27,d,steak,yakinikutokyo,5,5,5,5,5,5,4,4,4,4,4.5,4.5,5,5,m,50th
28,d,steak,yakinikutokyo,5,5,5,5,5,5,4,4,4,4,5,5,4,4,m,40th
29,d,steak,yakinikutokyo,4.5,4.5,2,2,2,2,2,2,2,2,4.5,4.5,2,2,m,30th
30,d,steak,yakinikutokyo,5,5,2,2,2,2,2,2,2,2,4.5,5,3,3,m,30th
31,d,steak,yakinikutokyo,4.5,4.5,4,3,4,3,2,3,2,3,4.5,5,3,3,m,30th
32,d,steak,yakinikutokyo,5,5,4,4,5,5,2,2,3,3,5,5,3,3,m,30th
33,d,steak,yakinikutokyo,5,4.5,3,2,3,2,3,3,3,3,5,5,2,2,m,50th
34,d,steak,yakinikutokyo,5,5,4,3,4,3,3,3,3,3,4.5,5,4,4,m,50th
35,d,steak,yakinikutokyo,5,4.5,3,2,3,2,3,3,3,3,5,5,3,3,m,50th
36,d,steak,yakinikutokyo,5,5,5,5,5,5,4,4,4,4,4.5,4.5,3,3,m,50th
37,d,steak,yakinikutokyo,5,5,5,5,5,5,3,3,4,4,5,5,4,4,m,50th
38,d,steak,yakinikutokyo,5,5,3,3,3,3,4,4,4,4,5,5,3,3,m,50th
39,d,steak,yakinikutokyo,4.5,5,3,2,3,2,3,3,3,3,5,5,3,3,m,40th
40,d,steak,yakinikutokyo,5,5,5,5,3,3,2,2,2,2,4.5,4.5,3,3,m,40th
41,d,steak,yakinikutokyo,5,5,4,4,4,4,4,4,4,4,5,5,5,5,m,50th
42,d,steak,yakinikutokyo,5,5,5,5,5,5,3,3,3,3,5,5,4,4,m,40th
43,d,steak,yakinikutokyo,4.5,4.5,3,3,4,4,3,3,4,4,5,5,5,5,m,70th
44,d,steak,yakinikutokyo,5,5,5,5,5,5,2,2,2,2,4.5,4.5,4,4,f,40th
45,d,steak,yakinikutokyo,5,5,5,4,5,4,1,2,2,3,4.5,5,4,5,m,40th
46,d,steak,yakinikutokyo,5,5,5,5,5,5,3,3,3,3,5,5,2,2,m,50th
47,d,steak,yakinikutokyo,5,5,4,4,4,4,4,4,4,4,5,5,4,4,m,50th
48,d,steak,yakinikutokyo,5,5,5,5,5,5,2,2,2,2,1,1,5,5,m,40th
49,d,steak,yakinikutokyo,5,5,4,3,4,3,3,3,3,3,5,5,4,4,m,40th
50,d,steak,yakinikutokyo,5,5,3,3,3,3,3,3,3,3,5,5,5,5,m,30th
51,d,steak,yakinikutokyo,1,1,4,4,5,4,5,4,4,4,4.5,4.5,4,4,m,50th
52,d,steak,yakinikutokyo,5,4.5,4,4,4,4,4,4,4,4,5,5,4,4,m,50th
53,d,steak,yakinikutokyo,5,5,3,1,3,1,3,2,3,3,5,4.5,3,4,m,40th
54,d,steak,yakinikutokyo,5,5,4,4,4,4,4,4,4,4,5,5,4,4,m,50th
55,d,steak,yakinikutokyo,5,5,3,3,5,5,5,5,4,4,5,5,4,4,m,50th
56,d,steak,yakinikutokyo,5,5,3,3,4,4,2,2,3,3,4.5,4.5,4,4,m,30th
57,d,steak,yakinikutokyo,4.5,4.5,5,5,5,5,4,4,2,2,4.5,4.5,5,5,m,20th
58,d,steak,yakinikutokyo,5,5,5,5,4,4,2,2,2,2,4.5,4.5,4,4,m,40th
59,d,steak,yakinikutokyo,5,5,4,4,4,4,1,2,2,3,4.5,5,3,3,f,20th
60,d,steak,yakinikutokyo,5,5,3,3,3,3,3,3,1,2,5,5,3,3,m,50th
61,d,steak,yakinikutokyo,5,5,2,2,4,4,3,3,3,3,5,5,3,3,m,30th
62,d,steak,yakinikutokyo,5,5,1,1,1,1,3,2,1,1,5,5,1,1,m,60th
63,d,steak,yakinikutokyo,5,5,4,4,4,4,4,4,4,4,5,5,4,4,m,40th
64,d,steak,yakinikutokyo,5,5,4,4,4,4,2,2,2,2,4.5,4.5,4,4,m,40th
65,d,steak,yakinikutokyo,5,5,5,5,5,4,4,4,4,4,5,5,5,5,m,50th
66,d,steak,yakinikutokyo,5,5,4,4,4,4,4,4,3,3,5,5,4,4,m,40th
66,d,steak,yakinikutokyo,5,5,3,1,3,1,3,2,3,3,5,5,2,2,m,50th
67,d,steak,yakinikutokyo,5,5,4,3,4,3,5,5,5,5,5,5,4,5,f,30th
68,d,steak,yakinikutokyo,5,5,4,4,4,4,4,4,4,4,4.5,4.5,3,3,m,50th
69,d,steak,yakinikutokyo,5,5,5,5,5,5,3,3,3,3,5,5,4,4,m,50th
70,d,steak,yakinikutokyo,5,4.5,3,2,3,3,4,4,4,4,5,5,4,4,f,40th
1,f,onsyabu,yakinikutokyo,4.5,4.5,5,5,5,5,4,4,4,4,4.5,4.5,4,4,f,30th
2,f,onsyabu,yakinikutokyo,5,5,5,5,5,5,5,5,4,4,4.5,4.5,4,4,m,40th
3,f,onsyabu,yakinikutokyo,4.5,1,4,4,4,4,4,4,4,4,4.5,4.5,3,3,m,40th
4,f,onsyabu,yakinikutokyo,4.5,4.5,5,5,5,5,3,3,3,3,5,5,3,3,m,60th
5,f,onsyabu,yakinikutokyo,5,4.5,3,3,5,5,3,3,4,4,5,5,3,3,m,50th
6,f,onsyabu,yakinikutokyo,4.5,4.5,5,5,3,3,4,4,5,5,5,5,5,5,f,40th
7,f,onsyabu,yakinikutokyo,5,5,5,5,5,5,4,3,4,4,1,1,5,5,m,30th
8,f,onsyabu,yakinikutokyo,5,5,5,5,5,5,2,2,2,2,5,5,4,4,m,40th
9,f,onsyabu,yakinikutokyo,5,4.5,5,5,5,5,4,4,4,4,5,5,3,3,m,40th
10,f,onsyabu,yakinikutokyo,5,5,5,5,5,5,4,4,4,4,4.5,4.5,3,4,f,40th
11,f,onsyabu,yakinikutokyo,5,5,5,5,5,5,4,4,4,4,4.5,4.5,5,5,m,40th
12,f,onsyabu,yakinikutokyo,5,5,5,5,5,5,3,4,3,4,5,5,4,4,m,50th
13,f,onsyabu,yakinikutokyo,1,1,4,4,5,5,4,4,3,3,4.5,4.5,3,4,m,40th
14,f,onsyabu,yakinikutokyo,5,5,5,5,5,5,3,3,3,3,5,5,4,4,m,30th
15,f,onsyabu,yakinikutokyo,5,5,5,5,5,5,5,5,5,5,1,1,5,5,m,50th
16,f,onsyabu,yakinikutokyo,5,5,5,5,5,5,4,4,4,4,5,5,4,4,m,40th
17,f,onsyabu,yakinikutokyo,5,5,4,4,4,4,2,2,2,2,1,4.5,4,4,m,40th
18,f,onsyabu,yakinikutokyo,5,5,5,5,5,5,3,3,2,2,1,1,4,4,f,40th
19,f,onsyabu,yakinikutokyo,5,5,5,5,5,5,4,4,5,5,5,5,4,5,m,30th
20,f,onsyabu,yakinikutokyo,4.5,1,5,5,5,5,3,3,4,4,4.5,4.5,4,4,f,20th
21,f,onsyabu,yakinikutokyo,5,5,5,5,5,5,3,3,3,3,5,5,4,4,m,50th
22,f,onsyabu,yakinikutokyo,4.5,1,5,5,3,3,4,4,4,4,4.5,4.5,4,4,m,40th
23,f,onsyabu,yakinikutokyo,5,5,5,5,5,5,4,4,4,4,4.5,4.5,5,5,m,60th
24,f,onsyabu,yakinikutokyo,1,1,5,5,5,5,4,4,5,5,5,5,3,3,m,30th
25,f,onsyabu,yakinikutokyo,5,5,5,5,5,5,5,5,5,5,5,5,3,3,f,50th
26,f,onsyabu,yakinikutokyo,4.5,4.5,2,2,2,2,2,2,2,2,4.5,4.5,2,2,m,30th
27,f,onsyabu,yakinikutokyo,5,5,4,4,4,4,3,3,3,3,5,5,3,3,m,40th
28,f,onsyabu,yakinikutokyo,5,4.5,5,5,5,5,4,4,5,5,5,5,4,4,m,50th
29,f,onsyabu,yakinikutokyo,5,5,5,5,5,5,4,4,2,2,5,5,4,2,f,20th
30,f,onsyabu,yakinikutokyo,5,5,3,3,3,3,2,2,2,2,4.5,4.5,3,3,m,30th
1,h,syogayaki,yakinikutokyo,5,5,4,4,4,4,4,4,4,4,4.5,4.5,3,3,m,60th
2,h,syogayaki,yakinikutokyo,5,5,3,3,4,4,4,4,4,4,4.5,4.5,5,5,m,50th
3,h,syogayaki,yakinikutokyo,4.5,5,5,5,5,5,3,3,2,3,4.5,5,4,4,m,50th
4,h,syogayaki,yakinikutokyo,5,4.5,4,1,4,2,4,4,4,4,5,5,2,4,m,40th
5,h,syogayaki,yakinikutokyo,4.5,5,5,5,3,3,1,1,3,3,5,5,3,4,m,60th
6,h,syogayaki,yakinikutokyo,5,4.5,5,4,4,3,4,4,4,3,5,5,4,5,m,50th
7,h,syogayaki,yakinikutokyo,5,4.5,3,2,2,2,4,3,3,3,4.5,5,3,3,m,40th
8,h,syogayaki,yakinikutokyo,5,4.5,4,2,5,3,4,4,5,5,4.5,1,2,3,m,50th
9,h,syogayaki,yakinikutokyo,5,5,3,2,4,2,5,3,4,3,5,4.5,4,4,m,50th
10,h,syogayaki,yakinikutokyo,5,4.5,3,2,3,2,3,3,3,3,5,4.5,2,2,m,40th
11,h,syogayaki,yakinikutokyo,5,5,4,4,4,3,2,2,4,4,5,4.5,3,3,m,70th
12,h,syogayaki,yakinikutokyo,4.5,5,5,4,2,1,4,4,5,5,4.5,4.5,3,4,m,60th
13,h,syogayaki,yakinikutokyo,4.5,4.5,3,4,3,3,3,3,3,3,5,5,3,3,f,30th
14,h,syogayaki,yakinikutokyo,5,1,3,4,4,4,4,4,4,4,4.5,4.5,2,2,m,50th
15,h,syogayaki,yakinikutokyo,5,4.5,3,3,3,4,3,3,2,3,1,5,4,4,m,60th
16,h,syogayaki,yakinikutokyo,5,5,3,2,4,1,4,4,5,5,5,5,3,4,m,40th
17,h,syogayaki,yakinikutokyo,5,5,3,2,4,4,4,4,4,4,4.5,4.5,2,4,m,50th
18,h,syogayaki,yakinikutokyo,5,5,5,4,3,3,4,3,4,5,5,4.5,4,4,m,20th
19,h,syogayaki,yakinikutokyo,5,5,3,2,3,2,5,5,5,5,5,5,2,4,m,50th
20,h,syogayaki,yakinikutokyo,1,5,5,4,5,3,2,3,2,,1,4.5,3,3,m,30th
21,h,syogayaki,yakinikutokyo,5,5,3,2,3,2,4,4,3,3,5,4.5,3,2,m,40th
22,h,syogayaki,yakinikutokyo,5,5,4,4,4,4,2,2,2,2,5,5,3,3,m,50th
23,h,syogayaki,yakinikutokyo,5,4.5,3,2,3,2,3,3,4,3,5,5,3,4,m,20th
24,h,syogayaki,yakinikutokyo,1,5,5,5,5,5,1,3,1,3,1,5,3,4,m,30th
25,h,syogayaki,yakinikutokyo,5,5,3,2,3,2,3,3,2,2,5,5,3,3,m,40th
26,h,syogayaki,yakinikutokyo,5,5,4,4,4,4,4,4,4,4,1,1,4,3,m,50th
1,j,yakinikushio,yakinikutokyo,5,5,3,3,2,2,4,3,3,3,5,5,3,3,m,40th
2,j,yakinikushio,yakinikutokyo,5,5,2,2,2,2,2,2,3,3,5,5,4,4,m,60th
3,j,yakinikushio,yakinikutokyo,5,5,4,4,5,5,1,2,2,2,1,5,4,4,f,20th
4,j,yakinikushio,yakinikutokyo,1,4.5,5,5,5,5,1,1,1,1,4.5,4.5,4,4,m,60th
5,j,yakinikushio,yakinikutokyo,5,5,2,2,2,2,4,4,4,4,5,5,4,4,m,40th
6,j,yakinikushio,yakinikutokyo,5,4.5,2,1,3,1,1,1,2,2,1,1,1,1,m,50th
7,j,yakinikushio,yakinikutokyo,5,5,2,2,2,2,5,5,4,4,5,5,3,3,f,20th
8,j,yakinikushio,yakinikutokyo,5,5,2,2,3,3,4,4,3,3,5,5,4,4,m,30th
9,j,yakinikushio,yakinikutokyo,5,5,4,4,4,4,3,3,2,2,5,5,5,5,f,40th
10,j,yakinikushio,yakinikutokyo,5,5,3,3,3,3,3,3,3,3,5,5,3,3,m,40th
11,j,yakinikushio,yakinikutokyo,5,5,5,5,4,4,3,3,2,2,4.5,4.5,3,3,m,30th
12,j,yakinikushio,yakinikutokyo,5,5,3,3,4,4,3,3,3,3,5,5,3,3,m,40th
13,j,yakinikushio,yakinikutokyo,5,5,5,5,4,4,4,4,5,4,5,5,4,4,f,40th
14,j,yakinikushio,yakinikutokyo,5,5,5,5,5,5,3,3,3,3,5,5,5,5,m,40th
15,j,yakinikushio,yakinikutokyo,5,5,3,2,2,2,4,4,4,4,5,5,4,4,m,60th
16,j,yakinikushio,yakinikutokyo,5,5,4,2,4,2,4,4,4,4,5,5,4,4,f,20th
17,j,yakinikushio,yakinikutokyo,5,5,3,2,3,2,4,4,5,5,5,5,3,3,m,50th
18,j,yakinikushio,yakinikutokyo,5,1,4,2,4,2,4,3,4,4,5,5,4,4,m,40th
19,j,yakinikushio,yakinikutokyo,4.5,5,2,2,2,2,2,2,3,2,4.5,5,2,2,m,50th
20,j,yakinikushio,yakinikutokyo,5,5,4,4,3,3,4,4,3,3,5,5,4,4,m,40th
21,j,yakinikushio,yakinikutokyo,5,4.5,4,4,4,4,4,4,4,4,4.5,5,4,4,m,50th
22,j,yakinikushio,yakinikutokyo,5,1,4,2,3,2,4,4,4,4,5,5,3,2,m,50th
23,j,yakinikushio,yakinikutokyo,5,5,3,3,3,3,4,3,3,3,5,4.5,4,4,m,40th
24,j,yakinikushio,yakinikutokyo,5,5,4,4,4,4,4,4,4,4,5,5,3,3,f,40th
25,j,yakinikushio,yakinikutokyo,5,5,5,5,4,4,3,3,3,3,5,5,4,4,m,40th
26,j,yakinikushio,yakinikutokyo,1,4.5,4,1,5,3,3,3,3,3,5,4.5,3,3,f,40th
27,j,yakinikushio,yakinikutokyo,5,5,4,4,4,4,4,4,2,2,5,5,4,3,m,50th
28,j,yakinikushio,yakinikutokyo,5,5,4,4,4,4,4,4,4,4,5,4.5,4,4,m,50th
29,j,yakinikushio,yakinikutokyo,4.5,4.5,4,4,4,3,5,5,4,4,4.5,4.5,4,4,m,30th
30,j,yakinikushio,yakinikutokyo,5,5,3,3,3,3,2,2,2,2,4.5,4.5,2,2,m,30th
31,j,yakinikushio,yakinikutokyo,5,4.5,3,3,3,3,2,2,4,4,5,5,4,4,f,40th
32,j,yakinikushio,yakinikutokyo,5,4.5,3,2,4,4,2,2,4,4,5,5,4,4,f,40th
33,j,yakinikushio,yakinikutokyo,5,5,3,2,4,4,4,4,4,4,5,5,4,4,f,40th
34,j,yakinikushio,yakinikutokyo,5,5,5,5,5,5,5,5,5,5,1,1,5,5,m,20th
35,j,yakinikushio,yakinikutokyo,5,5,4,4,4,4,4,4,4,4,5,5,5,5,m,40th
1,k,butanikudango,yakinikutokyo,5,5,4,4,4,4,3,3,4,4,5,5,4,4,m,30th
2,k,butanikudango,yakinikutokyo,5,5,5,5,5,5,5,5,4,4,5,5,5,5,m,50th
3,k,butanikudango,yakinikutokyo,5,5,5,5,5,5,4,4,5,5,5,5,4,4,m,50th
4,k,butanikudango,yakinikutokyo,5,5,4,4,4,3,5,5,5,5,5,5,4,4,m,60th
5,k,butanikudango,yakinikutokyo,5,5,4,3,3,2,5,5,5,5,5,5,4,4,m,60th
6,k,butanikudango,yakinikutokyo,5,5,5,5,5,5,5,5,3,3,5,5,5,5,m,50th
7,k,butanikudango,yakinikutokyo,5,5,4,4,4,3,5,5,5,5,5,4.5,4,4,m,60th
8,k,butanikudango,yakinikutokyo,5,5,4,4,4,4,3,3,3,3,5,5,4,5,f,30th
9,k,butanikudango,yakinikutokyo,5,5,5,5,5,5,3,3,4,4,5,5,4,4,m,40th
10,k,butanikudango,yakinikutokyo,5,5,5,5,5,5,5,5,4,4,5,5,5,5,m,50th
11,k,butanikudango,yakinikutokyo,5,5,5,5,5,5,3,3,3,3,5,5,5,5,m,30th
12,k,butanikudango,yakinikutokyo,5,4.5,4,3,3,3,4,3,4,3,4.5,5,3,3,m,60th
13,k,butanikudango,yakinikutokyo,5,5,3,3,3,3,3,3,3,3,5,5,5,5,m,30th
14,k,butanikudango,yakinikutokyo,5,5,5,5,5,5,5,5,5,5,5,5,4,4,m,40th
15,k,butanikudango,yakinikutokyo,5,5,5,5,5,5,5,5,5,5,5,5,4,4,m,30th
16,k,butanikudango,yakinikutokyo,5,5,3,3,3,3,5,5,5,5,4.5,1,3,3,f,30th
17,k,butanikudango,yakinikutokyo,5,5,4,3,3,2,5,5,5,5,4.5,4.5,3,3,m,30th
18,k,butanikudango,yakinikutokyo,5,5,4,4,5,5,5,5,5,5,5,5,4,4,m,40th
19,k,butanikudango,yakinikutokyo,5,5,5,5,5,5,5,5,5,5,5,5,5,5,m,30th
20,k,butanikudango,yakinikutokyo,5,5,4,4,4,4,3,3,3,3,5,5,4,4,m,50th
21,k,butanikudango,yakinikutokyo,5,5,4,4,4,4,4,4,4,4,4.5,4.5,4,4,f,40th
22,k,butanikudango,yakinikutokyo,5,5,5,5,5,5,5,5,4,4,5,5,4,4,m,30th
23,k,butanikudango,yakinikutokyo,5,4.5,5,5,4,4,4,5,5,5,5,5,3,3,m,60th
24,k,butanikudango,yakinikutokyo,5,5,5,4,5,4,5,5,5,5,5,5,4,4,m,30th
25,k,butanikudango,yakinikutokyo,5,5,5,5,4,4,4,4,4,4,5,5,5,5,m,40th
26,k,butanikudango,yakinikutokyo,5,5,5,5,5,4,4,5,4,5,4.5,1,2,2,m,30th
27,k,butanikudango,yakinikutokyo,5,5,5,5,5,4,5,5,5,5,5,1,3,2,m,20th
28,k,butanikudango,yakinikutokyo,5,5,5,5,5,5,5,5,5,5,5,5,5,5,m,40th
29,k,butanikudango,yakinikutokyo,5,5,4,4,4,4,4,4,5,4,4.5,4.5,3,4,m,30th
30,k,butanikudango,yakinikutokyo,5,5,5,5,5,5,5,5,5,5,5,5,5,5,m,40th
31,k,butanikudango,yakinikutokyo,5,5,5,5,5,5,4,4,4,4,5,5,3,3,f,20th
32,k,butanikudango,yakinikutokyo,5,5,5,5,5,5,4,5,5,5,4.5,1,4,3,m,30th
33,k,butanikudango,yakinikutokyo,5,5,5,5,5,5,3,3,3,3,5,5,5,5,m,20th
1,c,yakinikushio,yakinikuosaka,4.5,1,2,1,2,2,3,3,4,4,4.5,1,3,3,m,30th
2,c,yakinikushio,yakinikuosaka,5,4.5,4,5,4,4,4,4,4,4,5,5,3,4,m,50th
3,c,yakinikushio,yakinikuosaka,5,4.5,2,2,3,3,3,3,4,4,4.5,4.5,4,4,m,40th
4,c,yakinikushio,yakinikuosaka,5,4.5,2,2,2,3,3,3,1,1,5,5,2,4,f,20th
5,c,yakinikushio,yakinikuosaka,4.5,4.5,4,4,3,4,3,2,2,2,4.5,5,2,2,m,50th
6,c,yakinikushio,yakinikuosaka,5,5,4,4,5,4,5,5,4,4,4.5,1,3,4,f,50th
7,c,yakinikushio,yakinikuosaka,5,1,5,5,2,2,3,3,5,5,5,4.5,3,3,f,20th
8,c,yakinikushio,yakinikuosaka,5,5,3,2,4,4,4,4,4,4,5,5,5,5,m,40th
9,c,yakinikushio,yakinikuosaka,5,4.5,3,3,4,4,4,4,4,4,5,4.5,3,4,m,40th
10,c,yakinikushio,yakinikuosaka,5,4.5,5,1,5,2,5,5,3,3,1,1,2,2,m,50th
11,c,yakinikushio,yakinikuosaka,5,5,3,2,3,2,3,2,3,3,5,5,2,3,m,50th
12,c,yakinikushio,yakinikuosaka,5,1,3,1,3,1,2,2,4,4,4.5,5,1,2,m,40th
13,c,yakinikushio,yakinikuosaka,5,4.5,3,3,3,3,4,4,4,4,5,5,3,3,m,40th
14,c,yakinikushio,yakinikuosaka,5,4.5,2,1,5,4,5,5,4,4,4.5,4.5,2,2,m,30th
15,c,yakinikushio,yakinikuosaka,5,,1,1,2,1,1,1,5,5,5,5,2,3,m,40th
16,c,yakinikushio,yakinikuosaka,1,1,5,1,4,1,4,4,4,4,5,5,3,5,f,40th
17,c,yakinikushio,yakinikuosaka,5,1,1,1,1,1,1,1,2,2,4.5,4.5,1,1,m,30th
18,c,yakinikushio,yakinikuosaka,5,4.5,3,2,4,3,4,3,5,5,5,4.5,4,4,m,30th
19,c,yakinikushio,yakinikuosaka,5,5,2,1,5,4,2,2,5,4,4.5,4.5,3,2,m,60th
20,c,yakinikushio,yakinikuosaka,5,4.5,3,2,4,1,2,2,4,4,5,4.5,2,2,m,40th
21,c,yakinikushio,yakinikuosaka,5,5,2,1,4,2,5,5,5,5,5,4.5,4,4,m,30th
22,c,yakinikushio,yakinikuosaka,5,1,2,1,3,3,3,3,4,4,5,5,2,3,f,40th
23,c,yakinikushio,yakinikuosaka,5,5,1,1,3,2,4,3,2,2,4.5,1,2,2,m,50th
24,c,yakinikushio,yakinikuosaka,5,1,1,1,3,2,3,3,5,5,5,5,4,3,m,50th
25,c,yakinikushio,yakinikuosaka,5,5,3,2,3,2,4,3,4,4,5,4.5,3,2,m,40th
26,c,yakinikushio,yakinikuosaka,5,,2,,3,,2,,3,,5,,3,3,m,50th
27,c,yakinikushio,yakinikuosaka,5,4.5,2,1,4,2,4,3,5,5,5,5,1,3,m,40th
28,c,yakinikushio,yakinikuosaka,5,4.5,5,2,5,2,1,3,4,4,1,4.5,1,2,m,30th
29,c,yakinikushio,yakinikuosaka,5,5,4,4,4,,4,,4,,4.5,,4,5,m,40th
30,c,yakinikushio,yakinikuosaka,5,5,4,4,3,3,2,2,2,2,4.5,1,4,4,m,40th
31,c,yakinikushio,yakinikuosaka,5,5,4,2,3,2,4,4,4,4,4.5,1,2,3,f,30th
32,c,yakinikushio,yakinikuosaka,5,5,1,1,1,1,2,3,4,2,5,4.5,2,4,f,50th
33,c,yakinikushio,yakinikuosaka,5,5,1,1,1,1,2,3,4,2,5,4.5,2,4,m,50th
34,c,yakinikushio,yakinikuosaka,,5,,5,,5,,4,,5,,5,5,4,m,70th
35,c,yakinikushio,yakinikuosaka,4.5,1,4,2,3,2,4,4,4,4,5,4.5,3,3,m,50th
36,c,yakinikushio,yakinikuosaka,5,5,2,2,2,2,2,2,3,3,5,5,3,2,m,60th
1,d,steak,yakinikuosaka,5,5,4,3,4,3,3,3,3,3,5,5,3,3,m,40th
2,d,steak,yakinikuosaka,5,4.5,5,3,5,4,5,5,3,3,5,5,5,4,m,50th
3,d,steak,yakinikuosaka,5,5,2,1,4,3,1,1,4,4,1,4.5,1,3,m,50th
4,d,steak,yakinikuosaka,5,4.5,5,4,5,4,2,2,5,4,5,5,3,4,m,20th
5,d,steak,yakinikuosaka,5,4.5,5,4,5,4,5,5,5,5,5,4.5,4,5,f,40th
6,d,steak,yakinikuosaka,5,4.5,5,3,5,3,4,3,4,4,5,5,4,5,m,50th
7,d,steak,yakinikuosaka,5,4.5,2,4,4,2,4,3,3,3,4.5,4.5,2,3,m,40th
8,d,steak,yakinikuosaka,5,5,5,3,4,2,4,4,3,3,4.5,4.5,1,1,f,40th
9,d,steak,yakinikuosaka,5,1,3,1,3,1,1,3,3,3,5,5,1,1,m,60th
10,d,steak,yakinikuosaka,5,4.5,5,5,5,3,3,3,3,3,5,5,4,2,m,60th
11,d,steak,yakinikuosaka,5,5,5,4,5,4,4,4,4,4,5,4.5,3,4,m,50th
12,d,steak,yakinikuosaka,4.5,4.5,2,2,4,4,3,3,5,5,5,5,3,4,m,20th
13,d,steak,yakinikuosaka,5,4.5,5,3,,3,5,4,5,3,4.5,4.5,5,3,f,60th
14,d,steak,yakinikuosaka,5,4.5,4,2,4,2,5,5,5,5,4.5,5,5,5,f,60th
15,d,steak,yakinikuosaka,4.5,1,4,2,4,1,3,3,2,2,1,5,1,3,f,40th
16,d,steak,yakinikuosaka,5,4.5,2,2,2,1,5,5,5,5,5,5,2,2,m,50th
17,d,steak,yakinikuosaka,5,1,5,1,2,1,3,3,2,2,5,5,2,2,m,30th
18,d,steak,yakinikuosaka,1,1,4,1,2,1,1,1,1,1,4.5,4.5,1,1,m,50th
19,d,steak,yakinikuosaka,5,4.5,4,4,4,2,3,3,5,5,4.5,4.5,2,3,m,30th
20,d,steak,yakinikuosaka,5,4.5,4,1,4,1,5,2,5,3,5,5,1,3,m,40th
21,d,steak,yakinikuosaka,5,4.5,5,5,4,4,2,2,3,3,4.5,4.5,4,4,m,40th
22,d,steak,yakinikuosaka,5,4.5,3,2,3,2,4,3,4,4,5,4.5,2,2,m,40th
23,d,steak,yakinikuosaka,5,5,5,5,5,3,3,3,2,2,5,4.5,5,5,m,40th
24,d,steak,yakinikuosaka,5,5,4,3,5,5,2,2,4,4,4.5,4.5,4,4,m,30th
25,d,steak,yakinikuosaka,5,4.5,4,3,3,4,2,2,4,3,5,5,4,3,m,40th
26,d,steak,yakinikuosaka,5,5,2,2,2,2,4,4,5,5,4.5,4.5,2,2,f,50th
27,d,steak,yakinikuosaka,5,4.5,4,3,4,3,4,4,4,4,5,4.5,3,3,m,30th
28,d,steak,yakinikuosaka,4.5,4.5,5,5,4,4,4,4,2,2,5,5,5,4,m,60th
29,d,steak,yakinikuosaka,5,4.5,3,3,3,3,3,3,4,4,5,5,2,3,m,30th
30,d,steak,yakinikuosaka,5,5,4,4,3,3,5,5,4,4,5,5,3,2,m,70th
1,i,yakinikushio,yakinikuosaka,4.5,1,5,5,4,2,5,5,5,5,4.5,4.5,2,5,m,50th
2,i,yakinikushio,yakinikuosaka,5,4.5,5,5,5,5,5,5,5,5,5,4.5,5,5,m,40th
3,i,yakinikushio,yakinikuosaka,5,5,5,5,5,5,4,4,5,5,5,5,4,5,m,30th
4,i,yakinikushio,yakinikuosaka,4.5,5,5,5,4,4,3,3,3,3,4.5,1,3,4,m,30th
5,i,yakinikushio,yakinikuosaka,5,4.5,5,4,5,2,5,5,5,5,5,4.5,4,3,f,20th
6,i,yakinikushio,yakinikuosaka,5,4.5,5,5,5,5,3,3,5,5,4.5,4.5,5,5,m,20th
7,i,yakinikushio,yakinikuosaka,4.5,1,5,5,5,5,5,5,5,5,4.5,1,5,4,m,50th
8,i,yakinikushio,yakinikuosaka,5,4.5,3,3,2,2,4,3,4,4,1,1,3,4,m,60th
9,i,yakinikushio,yakinikuosaka,5,4.5,5,5,4,3,4,3,5,5,5,5,5,5,m,40th
10,i,yakinikushio,yakinikuosaka,5,4.5,5,4,5,5,4,5,4,4,4.5,1,4,5,m,30th
11,i,yakinikushio,yakinikuosaka,5,4.5,4,4,4,3,4,4,5,5,5,1,3,2,m,30th
12,i,yakinikushio,yakinikuosaka,5,1,5,3,4,4,5,5,5,5,1,1,3,3,m,40th
13,i,yakinikushio,yakinikuosaka,4.5,1,5,5,4,4,5,5,5,5,4.5,1,3,3,m,30th
14,i,yakinikushio,yakinikuosaka,5,4.5,5,5,4,2,5,4,5,4,5,4.5,2,3,m,50th
15,i,yakinikushio,yakinikuosaka,5,4.5,5,5,5,5,5,5,5,5,5,5,4,4,m,40th
16,i,yakinikushio,yakinikuosaka,4.5,1,5,5,2,1,5,5,5,5,4.5,1,3,4,m,50th
17,i,yakinikushio,yakinikuosaka,5,4.5,5,5,4,2,5,5,5,5,5,4.5,1,3,f,50th
18,i,yakinikushio,yakinikuosaka,4.5,1,5,2,4,2,5,5,5,5,5,4.5,4,3,f,20th
19,i,yakinikushio,yakinikuosaka,1,1,5,5,5,2,5,5,5,5,4.5,1,3,4,m,30th
20,i,yakinikushio,yakinikuosaka,5,4.5,5,4,5,3,5,5,5,5,4.5,4.5,4,4,m,40th
21,i,yakinikushio,yakinikuosaka,5,4.5,5,2,5,4,5,3,5,5,5,4.5,4,5,m,30th
22,i,yakinikushio,yakinikuosaka,5,5,5,5,5,4,5,5,5,5,1,1,5,5,m,20th
23,i,yakinikushio,yakinikuosaka,4.5,1,5,5,3,2,4,4,5,5,4.5,4.5,4,4,m,50th
24,i,yakinikushio,yakinikuosaka,4.5,1,5,5,5,5,5,5,3,3,1,1,3,4,m,60th
25,i,yakinikushio,yakinikuosaka,1,1,5,5,3,3,5,5,5,5,1,1,1,4,m,40th
26,i,yakinikushio,yakinikuosaka,5,4.5,5,5,4,5,5,5,4,4,1,1,4,4,m,40th
27,i,yakinikushio,yakinikuosaka,5,1,5,4,5,3,5,5,5,5,1,1,2,4,m,40th
28,i,yakinikushio,yakinikuosaka,5,5,5,5,5,5,5,5,5,5,1,1,1,1,m,40th
29,i,yakinikushio,yakinikuosaka,5,1,5,5,5,4,5,5,5,5,4.5,1,4,4,m,30th
30,i,yakinikushio,yakinikuosaka,5,1,5,5,5,4,5,5,5,3,1,1,3,4,m,50th
1,k,butanikudango,yakinikuosaka,5,4.5,5,4,5,5,5,5,5,5,5,4.5,5,4,m,40th
2,k,butanikudango,yakinikuosaka,5,4.5,5,5,5,4,5,5,5,5,4.5,1,2,3,m,30th
3,k,butanikudango,yakinikuosaka,5,4.5,5,5,5,4,5,5,5,5,4.5,1,2,3,m,40th
4,k,butanikudango,yakinikuosaka,5,4.5,4,2,5,2,5,5,5,5,5,5,2,2,f,40th
5,k,butanikudango,yakinikuosaka,5,5,5,5,4,4,5,5,5,5,5,4.5,5,5,m,30th
6,k,butanikudango,yakinikuosaka,4.5,5,5,4,4,3,3,2,4,5,4.5,4.5,4,4,m,40th
7,k,butanikudango,yakinikuosaka,5,4.5,5,5,4,2,5,5,4,4,4.5,5,2,4,m,40th
8,k,butanikudango,yakinikuosaka,5,4.5,5,5,5,2,5,4,5,3,1,4.5,5,5,m,20th
9,k,butanikudango,yakinikuosaka,5,4.5,5,1,4,2,5,5,5,5,4.5,1,2,2,m,40th
10,k,butanikudango,yakinikuosaka,5,4.5,5,5,2,2,4,2,5,5,4.5,1,4,4,m,40th
11,k,butanikudango,yakinikuosaka,1,1,2,1,3,2,5,4,5,5,5,5,4,3,m,30th
12,k,butanikudango,yakinikuosaka,5,4.5,5,5,5,5,5,5,5,5,1,1,5,4,m,40th
13,k,butanikudango,yakinikuosaka,5,4.5,5,4,5,4,5,5,5,5,5,1,4,5,f,40th
14,k,butanikudango,yakinikuosaka,5,4.5,5,2,5,5,3,3,4,4,5,5,3,3,m,30th
15,k,butanikudango,yakinikuosaka,5,4.5,5,5,5,5,5,5,5,5,4.5,1,4,4,m,40th
16,k,butanikudango,yakinikuosaka,5,1,5,2,4,3,5,4,5,4,4.5,4.5,4,4,m,50th
17,k,butanikudango,yakinikuosaka,4.5,1,5,5,5,4,5,4,3,3,4.5,1,4,4,,20th
18,k,butanikudango,yakinikuosaka,4.5,1,5,5,5,5,5,5,2,2,5,5,4,4,m,40th
19,k,butanikudango,yakinikuosaka,5,5,4,4,5,5,4,4,4,4,1,1,4,4,m,50th
20,k,butanikudango,yakinikuosaka,5,4.5,5,5,5,4,5,5,5,5,5,4.5,5,5,m,20th
21,k,butanikudango,yakinikuosaka,5,4.5,5,5,5,5,5,5,4,5,4.5,1,2,3,m,50th
22,k,butanikudango,yakinikuosaka,5,4.5,5,2,5,2,5,5,5,5,5,4.5,4,4,f,30th
23,k,butanikudango,yakinikuosaka,5,5,5,5,5,5,5,4,5,5,5,5,2,3,m,50th
24,k,butanikudango,yakinikuosaka,5,4.5,5,5,3,3,5,5,5,5,4.5,1,2,4,m,30th
25,k,butanikudango,yakinikuosaka,5,4.5,5,5,5,5,5,5,5,5,4.5,1,3,3,f,40th
26,k,butanikudango,yakinikuosaka,5,4.5,5,3,5,2,5,2,5,2,4.5,4.5,2,2,f,40th
27,k,butanikudango,yakinikuosaka,5,4.5,5,3,5,2,5,1,4,4,5,5,3,3,f,20th
28,k,butanikudango,yakinikuosaka,5,5,5,5,4,2,5,5,4,4,5,4.5,5,5,m,20th
29,k,butanikudango,yakinikuosaka,5,4.5,5,5,5,5,5,5,4,5,5,5,4,5,m,30th
30,k,butanikudango,yakinikuosaka,4.5,5,3,3,4,4,3,4,4,4,5,5,4,3,m,30th
1,a,purukogi,gaishoku,4.5,5,5,5,4,4,4,4,5,5,4.5,5,4,4,m,20th
2,a,purukogi,gaishoku,5,5,4,1,4,1,2,3,2,3,5,1,2,3,m,60th
3,a,purukogi,gaishoku,5,5,5,2,5,5,5,5,5,5,5,5,3,3,m,60th
4,a,purukogi,gaishoku,5,5,4,4,4,4,3,3,3,3,5,5,4,4,m,40th
5,a,purukogi,gaishoku,5,5,5,4,5,3,3,3,3,4,5,5,5,5,m,30th
6,a,purukogi,gaishoku,5,4.5,4,4,5,4,4,4,5,5,4.5,5,5,5,m,20th
7,a,purukogi,gaishoku,5,5,5,3,5,3,5,3,4,3,4.5,5,4,4,m,20th
8,a,purukogi,gaishoku,5,5,5,5,5,5,5,4,3,3,4.5,4.5,4,4,m,20th
9,a,purukogi,gaishoku,5,5,5,5,5,4,5,5,5,5,5,4.5,4,4,m,40th
10,a,purukogi,gaishoku,5,5,5,5,5,5,5,5,4,4,5,5,4,4,m,30th
11,a,purukogi,gaishoku,5,4.5,4,3,4,3,2,3,3,3,4.5,5,3,3,m,50th
12,a,purukogi,gaishoku,5,5,3,3,3,3,3,3,3,3,1,1,1,1,m,40th
13,a,purukogi,gaishoku,5,5,4,3,5,3,4,3,4,3,5,5,4,4,m,30th
14,a,purukogi,gaishoku,5,5,5,5,5,5,5,5,5,5,5,5,5,5,m,50th
15,a,purukogi,gaishoku,5,5,5,5,4,4,4,4,5,5,4.5,1,4,4,m,20th
16,a,purukogi,gaishoku,4.5,4.5,5,3,5,3,4,5,5,5,5,5,4,4,m,20th
17,a,purukogi,gaishoku,4.5,5,4,3,2,2,4,4,4,4,5,5,4,5,m,50th
18,a,purukogi,gaishoku,5,5,5,2,5,5,5,5,5,5,5,5,3,3,m,60th
19,a,purukogi,gaishoku,5,5,5,5,5,5,3,3,3,3,5,5,4,4,m,40th
20,a,purukogi,gaishoku,5,5,5,4,5,4,2,3,2,3,5,5,4,4,f,30th
21,a,purukogi,gaishoku,5,5,4,5,4,4,4,4,4,4,5,5,3,4,m,40th
22,a,purukogi,gaishoku,5,5,4,5,3,4,3,3,2,2,4.5,4.5,3,3,m,60th
23,a,purukogi,gaishoku,5,5,4,4,4,4,4,4,5,5,5,5,4,5,m,50th
24,a,purukogi,gaishoku,5,4.5,4,3,4,2,4,4,3,3,1,5,3,3,m,50th
25,a,purukogi,gaishoku,5,5,5,3,4,3,5,5,5,5,5,5,4,4,m,50th
1,b,sukini,gaishoku,1,1,4,2,1,1,1,1,3,3,1,1,2,1,f,50th
2,b,sukini,gaishoku,5,5,4,2,2,2,5,5,5,5,5,5,4,3,m,30th
3,b,sukini,gaishoku,5,4.5,2,1,2,1,1,1,2,2,4.5,4.5,2,2,m,40th
4,b,sukini,gaishoku,5,4.5,3,1,5,2,2,2,1,1,1,1,2,3,f,50th
5,b,sukini,gaishoku,4.5,1,5,4,5,4,5,4,3,3,5,5,4,4,m,40th
6,b,sukini,gaishoku,5,1,5,3,4,4,5,5,5,5,5,5,4,4,f,20th
7,b,sukini,gaishoku,5,5,5,5,5,5,3,3,3,3,5,5,4,4,m,50th
8,b,sukini,gaishoku,5,5,3,2,5,3,5,4,5,4,4.5,5,5,5,f,50th
9,b,sukini,gaishoku,5,5,5,3,5,3,5,3,5,3,5,5,3,3,f,30th
10,b,sukini,gaishoku,5,4.5,3,1,2,1,5,5,5,5,5,5,3,2,m,30th
11,b,sukini,gaishoku,5,4.5,2,2,2,2,3,3,3,3,5,5,2,4,m,40th
12,b,sukini,gaishoku,5,5,4,3,4,3,4,3,4,3,4.5,5,3,3,f,20th
13,b,sukini,gaishoku,5,5,4,3,3,2,4,4,4,4,5,5,4,4,f,30th
14,b,sukini,gaishoku,5,5,4,3,4,3,3,3,4,4,5,5,4,4,f,30th
15,b,sukini,gaishoku,5,5,2,2,4,3,2,4,3,3,5,5,3,4,m,30th
16,b,sukini,gaishoku,1,1,2,2,2,1,2,3,2,3,4.5,5,3,3,m,30th
17,b,sukini,gaishoku,5,5,5,4,4,4,5,5,5,5,4.5,4.5,4,4,m,60th
18,b,sukini,gaishoku,5,4.5,3,2,2,2,3,3,3,3,5,5,3,3,f,20th
19,b,sukini,gaishoku,5,1,4,4,4,2,3,2,4,4,5,5,3,5,m,20th
20,b,sukini,gaishoku,5,5,1,1,2,1,5,5,5,5,5,5,2,2,m,30th
21,b,sukini,gaishoku,5,5,4,4,4,4,5,5,5,5,5,5,3,3,m,50th
22,b,sukini,gaishoku,4.5,1,5,1,5,1,3,3,3,3,5,4.5,1,1,f,40th
23,b,sukini,gaishoku,5,5,4,4,3,3,3,3,3,3,1,1,4,4,m,50th
24,b,sukini,gaishoku,5,4.5,4,4,4,4,3,3,4,4,4.5,4.5,3,4,m,50th
25,b,sukini,gaishoku,4.5,1,5,2,3,2,5,5,4,4,5,5,4,4,f,30th
26,b,sukini,gaishoku,5,4.5,4,3,3,3,4,4,4,4,5,5,2,3,f,20th
27,b,sukini,gaishoku,5,5,2,2,2,2,4,4,3,3,5,5,2,2,m,20th
28,b,sukini,gaishoku,4.5,5,4,2,3,2,3,3,3,3,5,4.5,3,3,m,20th
29,b,sukini,gaishoku,5,5,3,3,3,3,3,3,3,3,1,1,2,2,m,30th
30,b,sukini,gaishoku,5,5,4,4,5,4,3,3,4,4,4.5,5,4,4,m,50th
31,b,sukini,gaishoku,5,1,4,1,4,1,3,3,1,1,5,5,1,1,f,40th
32,b,sukini,gaishoku,5,5,3,2,3,2,3,3,4,4,5,5,4,4,f,50th
33,b,sukini,gaishoku,5,5,2,2,2,2,4,4,4,4,5,5,3,3,m,50th
34,b,sukini,gaishoku,5,4.5,4,3,4,2,2,2,3,3,4.5,1,3,2,m,20th
35,b,sukini,gaishoku,5,5,4,4,3,3,2,2,3,3,5,5,4,4,f,20th
36,b,sukini,gaishoku,5,5,4,4,4,4,3,3,4,4,5,5,3,3,f,60th
37,b,sukini,gaishoku,5,5,5,5,5,5,5,5,5,5,5,5,5,5,m,50th
38,b,sukini,gaishoku,5,5,5,5,5,5,5,5,5,5,5,5,5,5,f,20th
39,b,sukini,gaishoku,5,4.5,3,2,4,3,5,5,5,5,4.5,4.5,3,3,m,30th
40,b,sukini,gaishoku,5,5,5,5,5,2,3,3,3,3,5,5,2,2,m,30th
41,b,sukini,gaishoku,5,5,5,3,5,3,3,3,4,3,5,5,2,2,m,20th
1,c,yakinikushio,gaishoku,5,5,4,4,4,4,4,4,4,4,4.5,4.5,4,4,m,40th
2,c,yakinikushio,gaishoku,5,5,3,3,3,3,3,3,3,3,5,5,3,3,m,50th
3,c,yakinikushio,gaishoku,5,1,1,1,1,1,4,5,4,4,5,5,1,1,m,30th
4,c,yakinikushio,gaishoku,4.5,1,2,2,3,2,5,5,5,5,5,5,3,3,m,50th
5,c,yakinikushio,gaishoku,5,5,4,4,4,4,4,4,4,4,4.5,4.5,4,4,m,40th
6,c,yakinikushio,gaishoku,5,5,4,2,4,2,4,4,4,4,4.5,4.5,3,3,f,30th
7,c,yakinikushio,gaishoku,5,5,1,1,1,1,3,3,3,3,5,5,2,2,m,40th
8,c,yakinikushio,gaishoku,5,5,2,2,2,2,4,4,4,4,4.5,4.5,2,2,f,50th
9,c,yakinikushio,gaishoku,5,5,2,1,2,2,5,5,5,5,5,5,3,3,m,50th
10,c,yakinikushio,gaishoku,5,5,1,1,1,1,1,1,3,3,5,5,1,1,m,30th
11,c,yakinikushio,gaishoku,4.5,4.5,1,1,1,1,1,3,3,3,5,5,1,1,m,50th
12,c,yakinikushio,gaishoku,5,5,4,3,4,3,4,3,4,3,5,5,4,4,m,50th
13,c,yakinikushio,gaishoku,1,1,1,1,1,1,3,3,3,3,5,5,1,1,m,50th
14,c,yakinikushio,gaishoku,4.5,4.5,2,1,2,2,5,5,5,5,4.5,4.5,3,3,m,40th
15,c,yakinikushio,gaishoku,1,1,2,2,2,2,4,4,4,4,4.5,4.5,3,3,m,50th
16,c,yakinikushio,gaishoku,5,5,2,2,2,2,4,4,4,4,5,5,2,2,m,50th
17,c,yakinikushio,gaishoku,5,5,3,2,3,2,4,4,4,4,4.5,4.5,2,2,m,60th
18,c,yakinikushio,gaishoku,5,4.5,2,2,2,2,5,5,5,5,5,5,3,3,m,30th
19,c,yakinikushio,gaishoku,5,4.5,2,1,2,2,5,5,5,5,5,5,3,3,m,30th
20,c,yakinikushio,gaishoku,4.5,1,1,1,2,1,3,4,4,4,5,5,2,2,m,40th
21,c,yakinikushio,gaishoku,5,5,4,4,4,4,4,4,4,4,4.5,4.5,3,3,m,50th
22,c,yakinikushio,gaishoku,5,5,3,3,4,4,4,4,4,4,4.5,4.5,3,3,m,60th
23,c,yakinikushio,gaishoku,5,4.5,2,1,2,1,4,4,5,5,5,5,2,2,m,40th
24,c,yakinikushio,gaishoku,5,5,4,3,4,3,4,4,4,4,5,5,3,3,m,30th
25,c,yakinikushio,gaishoku,5,5,3,1,3,1,3,3,3,3,5,5,2,2,m,30th
26,c,yakinikushio,gaishoku,5,5,2,2,2,2,3,3,4,4,4.5,4.5,2,2,m,40th
27,c,yakinikushio,gaishoku,5,5,2,2,2,2,4,4,4,4,5,4.5,3,3,m,50th
28,c,yakinikushio,gaishoku,5,4.5,2,1,2,2,5,5,5,5,5,5,2,2,m,60th
29,c,yakinikushio,gaishoku,5,5,2,2,2,2,4,4,4,4,5,5,2,2,m,40th
30,c,yakinikushio,gaishoku,5,5,2,1,2,1,3,3,3,3,5,5,2,2,m,40th
31,c,yakinikushio,gaishoku,5,5,1,1,1,1,3,3,3,3,5,5,1,1,f,20th
32,c,yakinikushio,gaishoku,5,5,2,2,2,2,4,4,4,4,4.5,4.5,2,2,m,40th
33,c,yakinikushio,gaishoku,5,5,1,1,1,1,4,4,4,4,5,4.5,2,2,m,40th
34,c,yakinikushio,gaishoku,5,5,2,1,2,1,5,5,5,5,4.5,4.5,2,2,m,40th
35,c,yakinikushio,gaishoku,5,5,2,2,2,2,4,4,4,4,5,5,2,2,m,40th
1,e,menchikatsu,gaishoku,5,4.5,4,3,5,3,4,5,4,4,5,4.5,4,3,m,40th
2,e,menchikatsu,gaishoku,5,5,4,4,5,5,5,5,5,5,5,5,5,5,m,30th
3,e,menchikatsu,gaishoku,1,1,5,5,5,5,5,5,5,5,5,5,5,5,m,40th
4,e,menchikatsu,gaishoku,5,1,4,4,3,2,3,3,4,4,5,5,4,3,m,60th
5,e,menchikatsu,gaishoku,5,5,5,5,5,5,4,4,3,3,5,5,4,4,m,30th
6,e,menchikatsu,gaishoku,5,5,3,3,3,3,3,3,3,3,5,5,5,5,m,40th
7,e,menchikatsu,gaishoku,1,1,5,3,3,3,5,5,5,5,5,5,3,4,m,40th
8,e,menchikatsu,gaishoku,4.5,4.5,4,5,5,5,2,2,2,2,4.5,4.5,5,5,f,40th
9,e,menchikatsu,gaishoku,5,5,5,5,5,5,5,5,5,5,5,5,5,5,m,40th
10,e,menchikatsu,gaishoku,5,4.5,4,4,4,3,5,5,4,3,4.5,4.5,3,5,m,20th
11,e,menchikatsu,gaishoku,5,4.5,5,5,5,5,3,3,2,4,4.5,5,3,3,m,50th
12,e,menchikatsu,gaishoku,5,5,5,5,4,3,5,5,3,4,4.5,4.5,4,4,m,40th
13,e,menchikatsu,gaishoku,5,5,5,5,5,5,5,5,5,5,5,5,5,5,m,20th
14,e,menchikatsu,gaishoku,5,5,3,2,4,4,4,4,3,3,5,5,2,4,m,60th
15,e,menchikatsu,gaishoku,5,5,5,5,5,4,4,4,4,4,5,5,5,5,m,30th
16,e,menchikatsu,gaishoku,5,5,4,4,4,4,4,5,4,5,5,5,4,4,m,50th
17,e,menchikatsu,gaishoku,5,5,4,3,5,4,2,4,2,4,4.5,5,4,4,m,30th
18,e,menchikatsu,gaishoku,1,1,5,5,5,5,5,5,5,5,5,5,4,4,f,40th
19,e,menchikatsu,gaishoku,4.5,4.5,4,4,4,4,4,4,4,4,5,5,3,4,f,30th
20,e,menchikatsu,gaishoku,5,5,5,5,5,5,4,4,4,4,5,5,5,5,m,60th
21,e,menchikatsu,gaishoku,5,4.5,3,2,3,2,3,2,3,3,5,4.5,1,2,f,30th
22,e,menchikatsu,gaishoku,5,5,5,5,5,5,4,5,4,5,5,5,5,5,m,30th
23,e,menchikatsu,gaishoku,5,5,5,5,5,5,2,4,2,4,5,5,5,5,m,20th
24,e,menchikatsu,gaishoku,5,5,3,3,3,3,3,3,3,3,5,5,4,4,m,60th
25,e,menchikatsu,gaishoku,5,4.5,5,5,4,4,2,3,3,3,4.5,4.5,3,4,m,40th
26,e,menchikatsu,gaishoku,5,5,5,5,5,5,5,5,5,5,5,5,5,5,m,50th
27,e,menchikatsu,gaishoku,1,1,2,1,3,1,3,2,4,3,5,4.5,1,4,m,60th
28,e,menchikatsu,gaishoku,1,1,5,2,5,4,5,5,5,5,5,5,2,3,m,40th
29,e,menchikatsu,gaishoku,4.5,4.5,5,2,5,4,5,5,5,5,5,5,3,4,f,40th
30,e,menchikatsu,gaishoku,5,5,5,5,5,5,5,5,4,4,5,5,4,4,f,40th
31,e,menchikatsu,gaishoku,5,4.5,4,3,4,3,4,4,3,3,5,5,4,4,f,30th
32,e,menchikatsu,gaishoku,1,1,5,5,5,5,5,5,5,5,5,5,5,5,f,20th
33,e,menchikatsu,gaishoku,5,4.5,5,5,5,5,5,5,5,5,5,5,5,5,m,50th
34,e,menchikatsu,gaishoku,5,5,5,5,5,5,5,5,4,4,4.5,4.5,4,4,m,40th
35,e,menchikatsu,gaishoku,5,5,5,5,3,3,3,3,5,5,5,5,5,5,m,30th
36,e,menchikatsu,gaishoku,1,1,4,3,5,4,5,5,5,5,4.5,4.5,5,5,f,70th
38,e,menchikatsu,gaishoku,5,5,4,3,4,3,3,4,3,4,4.5,5,3,3,m,40th
39,e,menchikatsu,gaishoku,5,5,3,3,3,3,3,3,3,3,4.5,4.5,3,3,m,20th
40,e,menchikatsu,gaishoku,5,5,5,4,5,4,5,4,5,4,5,5,5,5,m,40th
41,e,menchikatsu,gaishoku,5,5,5,5,5,5,5,5,5,5,5,5,4,4,m,40th
42,e,menchikatsu,gaishoku,5,5,5,5,5,5,5,5,3,3,4.5,5,5,3,m,20th
43,e,menchikatsu,gaishoku,5,5,5,5,5,5,4,5,4,5,5,5,3,3,m,30th
44,e,menchikatsu,gaishoku,5,5,5,5,5,5,2,2,2,2,4.5,5,5,5,m,60th
45,e,menchikatsu,gaishoku,5,4.5,3,2,3,2,4,4,5,5,5,4.5,3,3,m,40th
46,e,menchikatsu,gaishoku,5,4.5,3,2,3,2,4,4,5,5,5,4.5,3,3,f,40th
47,e,menchikatsu,gaishoku,5,5,5,5,5,5,3,3,4,4,5,5,3,3,m,40th
48,e,menchikatsu,gaishoku,5,5,5,5,5,5,4,4,4,4,4.5,4.5,4,4,f,40th
49,e,menchikatsu,gaishoku,5,5,3,3,3,3,2,3,4,4,5,5,2,3,m,60th
50,e,menchikatsu,gaishoku,5,5,5,5,5,4,5,4,4,4,5,5,3,3,m,50th
1,f,onsyabu,gaishoku,5,5,4,4,4,4,3,3,4,4,5,5,4,4,m,50th
2,f,onsyabu,gaishoku,5,5,5,5,5,5,5,5,3,3,5,5,5,5,m,40th
3,f,onsyabu,gaishoku,5,5,5,5,5,4,3,3,3,3,5,5,3,3,m,60th
4,f,onsyabu,gaishoku,5,5,4,4,4,4,3,3,2,3,5,5,3,3,m,40th
5,f,onsyabu,gaishoku,5,5,5,5,4,4,2,2,2,2,5,5,4,3,m,60th
6,f,onsyabu,gaishoku,5,5,5,5,5,5,4,4,4,4,5,5,4,4,m,30th
7,f,onsyabu,gaishoku,5,5,4,4,3,2,2,2,4,4,5,5,3,3,m,50th
8,f,onsyabu,gaishoku,5,5,4,4,4,4,4,4,3,3,5,5,4,4,f,20th
9,f,onsyabu,gaishoku,5,5,5,5,5,5,5,5,5,5,5,5,5,5,m,50th
10,f,onsyabu,gaishoku,5,5,5,5,5,5,5,5,5,5,5,5,5,5,m,30th
11,f,onsyabu,gaishoku,5,5,5,4,4,4,2,2,2,2,5,5,3,3,m,50th
12,f,onsyabu,gaishoku,5,5,4,4,4,4,4,4,4,4,5,5,4,4,m,40th
13,f,onsyabu,gaishoku,5,5,4,4,4,4,4,4,4,4,5,5,4,4,f,40th
14,f,onsyabu,gaishoku,5,5,5,5,5,5,5,5,5,5,5,5,5,5,m,30th
15,f,onsyabu,gaishoku,5,5,5,5,5,5,3,3,4,4,5,5,5,4,m,30th
16,f,onsyabu,gaishoku,5,4.5,4,4,4,4,4,4,4,4,5,5,4,4,f,50th
17,f,onsyabu,gaishoku,5,5,4,4,4,4,4,4,4,4,5,5,4,4,m,40th
18,f,onsyabu,gaishoku,5,5,5,5,5,5,5,5,5,5,5,5,4,4,m,20th
19,f,onsyabu,gaishoku,5,5,4,4,4,4,3,3,4,4,5,5,4,4,m,50th
20,f,onsyabu,gaishoku,5,5,4,4,4,4,4,4,4,4,5,5,4,4,m,30th
21,f,onsyabu,gaishoku,5,5,5,5,5,5,5,5,5,5,5,5,5,5,m,50th
22,f,onsyabu,gaishoku,5,5,4,4,4,4,3,3,4,4,5,5,4,4,m,40th
23,f,onsyabu,gaishoku,5,5,4,4,4,4,4,4,4,4,5,5,4,4,m,60th
24,f,onsyabu,gaishoku,5,5,4,4,4,4,4,4,4,4,5,5,4,4,m,50th
25,f,onsyabu,gaishoku,5,5,5,5,5,5,2,2,2,2,5,5,3,4,m,50th
26,f,onsyabu,gaishoku,5,5,5,5,4,4,4,4,4,4,5,5,4,4,m,40th
27,f,onsyabu,gaishoku,5,5,5,5,5,5,4,4,4,4,5,5,4,4,f,20th
28,f,onsyabu,gaishoku,5,5,4,4,4,4,4,4,4,4,5,5,4,4,m,50th
29,f,onsyabu,gaishoku,5,5,4,4,4,4,4,4,4,4,5,5,3,3,m,50th
30,f,onsyabu,gaishoku,5,5,4,4,4,4,4,4,4,4,5,5,4,4,m,30th
1,g,tonkatsu,gaishoku,5,5,4,2,3,3,3,3,3,3,4.5,1,2,2,f,30th
2,g,tonkatsu,gaishoku,5,5,5,4,5,4,3,3,3,3,5,5,4,4,m,30th
3,g,tonkatsu,gaishoku,5,1,4,1,4,2,3,3,3,3,5,1,2,2,f,40th
4,g,tonkatsu,gaishoku,5,1,4,2,3,3,3,3,3,3,4.5,1,1,1,m,40th
5,g,tonkatsu,gaishoku,5,5,3,2,2,2,3,3,3,3,5,5,2,2,m,50th
6,g,tonkatsu,gaishoku,5,5,4,4,4,4,4,4,4,4,5,5,4,4,f,20th
7,g,tonkatsu,gaishoku,5,5,4,4,4,4,4,3,4,4,5,5,3,3,f,30th
8,g,tonkatsu,gaishoku,5,5,4,4,4,4,4,4,4,4,5,5,4,4,m,50th
9,g,tonkatsu,gaishoku,5,5,4,4,4,4,4,4,4,4,5,5,2,2,m,50th
10,g,tonkatsu,gaishoku,5,5,3,3,3,3,3,3,3,3,4.5,5,3,3,m,30th
11,g,tonkatsu,gaishoku,5,5,4,4,4,4,4,4,4,4,5,5,2,2,m,40th
12,g,tonkatsu,gaishoku,5,5,5,4,3,3,5,5,5,5,5,5,3,3,m,30th
13,g,tonkatsu,gaishoku,5,5,4,4,4,4,4,4,4,4,5,5,2,2,m,50th
14,g,tonkatsu,gaishoku,5,5,4,3,4,3,4,4,4,4,5,5,3,3,m,50th
15,g,tonkatsu,gaishoku,5,5,3,3,3,3,3,3,3,3,5,5,3,3,m,50th
16,g,tonkatsu,gaishoku,5,1,3,3,3,3,3,3,3,3,5,4.5,3,3,m,30th
17,g,tonkatsu,gaishoku,5,5,4,4,5,4,3,3,3,3,5,5,3,3,f,30th
18,g,tonkatsu,gaishoku,5,5,3,2,3,2,4,4,4,4,5,5,2,2,f,20th
19,g,tonkatsu,gaishoku,5,5,3,2,3,2,4,4,4,4,5,5,2,2,m,50th
20,g,tonkatsu,gaishoku,1,1,4,2,3,3,5,5,4,4,4.5,4.5,3,3,f,50th
21,g,tonkatsu,gaishoku,5,4.5,4,2,4,2,4,4,4,4,5,5,2,2,m,60th
22,g,tonkatsu,gaishoku,5,5,2,1,2,2,5,5,5,5,1,1,3,3,m,60th
23,g,tonkatsu,gaishoku,5,5,4,3,5,4,4,4,4,4,5,5,4,4,f,40th
24,g,tonkatsu,gaishoku,5,5,4,4,4,4,4,4,4,4,4.5,4.5,3,4,m,70th
25,g,tonkatsu,gaishoku,5,5,4,4,4,4,4,4,4,4,4.5,4.5,3,3,f,70th
26,g,tonkatsu,gaishoku,5,5,4,4,3,3,3,3,3,3,5,5,4,4,m,20th
27,g,tonkatsu,gaishoku,5,5,2,2,2,2,5,5,5,5,1,1,3,4,m,30th
28,g,tonkatsu,gaishoku,5,5,4,3,4,3,4,3,4,3,4.5,5,4,4,m,50th
29,g,tonkatsu,gaishoku,5,5,4,2,4,1,4,3,4,3,5,4.5,2,2,f,50th
30,g,tonkatsu,gaishoku,5,5,5,5,5,5,4,4,4,4,5,5,4,4,f,60th
31,g,tonkatsu,gaishoku,5,5,4,4,4,4,4,4,4,4,4.5,4.5,4,4,f,40th
32,g,tonkatsu,gaishoku,5,5,4,4,4,4,4,4,4,4,4.5,4.5,4,4,m,60th
33,g,tonkatsu,gaishoku,5,4.5,4,2,4,2,4,4,4,4,5,5,3,3,m,40th
34,g,tonkatsu,gaishoku,5,5,2,1,3,3,3,3,3,3,5,5,3,3,m,40th
35,g,tonkatsu,gaishoku,5,5,3,3,3,3,3,3,3,3,5,5,3,3,m,20th
36,g,tonkatsu,gaishoku,5,5,3,2,3,2,4,4,4,4,4.5,4.5,3,3,m,50th
37,g,tonkatsu,gaishoku,5,5,4,2,4,2,4,4,4,4,4.5,4.5,3,3,m,50th
38,g,tonkatsu,gaishoku,5,4.5,4,2,4,2,4,4,4,4,4.5,4.5,3,3,f,50th
39,g,tonkatsu,gaishoku,5,5,3,3,4,4,4,4,4,4,5,5,4,4,m,40th
40,g,tonkatsu,gaishoku,5,5,4,4,3,2,4,4,4,4,4.5,4.5,3,4,m,40th
41,g,tonkatsu,gaishoku,5,5,4,4,4,4,4,4,4,4,4.5,4.5,4,4,m,50th
42,g,tonkatsu,gaishoku,5,5,5,5,3,2,4,4,4,4,5,5,3,3,m,50th
43,g,tonkatsu,gaishoku,5,5,4,3,4,3,4,4,4,4,5,4.5,3,3,m,50th
44,g,tonkatsu,gaishoku,5,1,5,1,4,2,3,3,3,3,5,1,2,2,m,40th
45,g,tonkatsu,gaishoku,5,5,3,3,3,3,4,4,4,4,5,4.5,3,3,m,50th
1,j,yakinikushio,gaishoku,5,4.5,3,4,3,4,2,2,2,3,5,5,2,3,m,40th
2,j,yakinikushio,gaishoku,5,5,3,3,3,3,4,4,4,4,5,5,4,4,m,30th
3,j,yakinikushio,gaishoku,5,4.5,3,2,3,2,2,2,2,3,4.5,5,2,3,m,30th
4,j,yakinikushio,gaishoku,5,5,4,2,2,2,4,4,4,4,5,5,4,4,m,40th
5,j,yakinikushio,gaishoku,5,,3,2,,3,2,2,4,4,5,,2,2,m,50th
6,j,yakinikushio,gaishoku,5,4.5,2,2,3,2,4,4,3,3,5,5,1,1,m,60th
7,j,yakinikushio,gaishoku,5,4.5,4,3,2,1,2,2,5,5,5,5,4,4,f,20th
8,j,yakinikushio,gaishoku,5,5,3,3,3,3,3,3,4,4,4.5,4.5,3,3,m,50th
9,j,yakinikushio,gaishoku,5,5,4,3,5,4,2,3,2,3,4.5,5,3,3,f,40th
10,j,yakinikushio,gaishoku,5,5,2,3,5,3,2,3,1,3,4.5,5,2,2,m,50th
11,j,yakinikushio,gaishoku,5,1,3,2,3,2,4,4,4,4,5,5,2,2,m,40th
12,j,yakinikushio,gaishoku,5,4.5,3,3,3,3,3,4,3,3,5,4.5,3,4,m,50th
13,j,yakinikushio,gaishoku,1,1,2,2,3,3,2,2,3,3,4.5,4.5,2,2,m,50th
14,j,yakinikushio,gaishoku,4.5,1,5,5,3,3,3,3,3,3,5,5,2,2,m,40th
15,j,yakinikushio,gaishoku,5,4.5,4,2,3,2,4,4,4,4,5,5,2,3,f,20th
16,j,yakinikushio,gaishoku,5,5,5,5,4,3,4,4,5,5,5,5,4,4,f,20th
17,j,yakinikushio,gaishoku,5,1,3,2,4,2,4,4,4,4,5,5,3,3,m,50th
18,j,yakinikushio,gaishoku,5,5,3,3,4,4,4,4,4,4,5,5,4,4,m,20th
19,j,yakinikushio,gaishoku,5,4.5,4,3,4,3,3,3,3,3,5,5,3,3,m,50th
20,j,yakinikushio,gaishoku,5,4.5,1,1,3,1,4,4,4,4,4.5,4.5,2,2,f,50th
21,j,yakinikushio,gaishoku,5,5,2,1,4,4,4,4,4,4,5,5,2,2,f,20th
22,j,yakinikushio,gaishoku,5,4.5,2,1,3,3,3,3,3,3,5,5,2,2,m,40th
23,j,yakinikushio,gaishoku,4.5,1,3,1,4,1,2,1,3,2,5,4.5,3,4,m,50th
24,j,yakinikushio,gaishoku,5,5,4,4,4,4,4,4,4,4,4.5,4.5,4,4,m,50th
25,j,yakinikushio,gaishoku,5,5,5,2,3,3,3,3,3,3,5,5,2,2,m,30th
26,j,yakinikushio,gaishoku,5,1,5,1,3,3,3,3,3,3,5,5,2,2,m,20th
27,j,yakinikushio,gaishoku,5,1,3,3,4,3,4,4,4,4,5,5,3,3,m,60th
28,j,yakinikushio,gaishoku,5,5,3,3,3,3,3,3,3,3,1,1,2,2,m,60th
29,j,yakinikushio,gaishoku,4.5,5,4,4,4,4,4,4,4,4,5,5,4,4,m,50th
30,j,yakinikushio,gaishoku,4.5,5,4,4,3,3,2,2,2,2,5,5,,,m,40th
31,j,yakinikushio,gaishoku,5,5,4,4,3,3,4,4,3,3,1,1,2,2,m,20th
32,j,yakinikushio,gaishoku,5,5,1,1,2,1,4,4,2,2,5,5,1,1,f,60th
33,j,yakinikushio,gaishoku,5,4.5,3,4,4,4,4,4,5,5,5,4.5,3,4,f,20th
34,j,yakinikushio,gaishoku,1,1,3,1,2,1,1,1,3,3,4.5,4.5,2,2,m,60th
1,k,butanikudango,gaishoku,5,5,5,5,5,5,5,5,4,4,5,5,4,4,m,30th
2,k,butanikudango,gaishoku,5,5,4,4,4,4,4,4,4,4,5,5,4,4,m,60th
3,k,butanikudango,gaishoku,5,5,4,3,3,3,4,4,4,4,5,5,4,4,m,20th
4,k,butanikudango,gaishoku,5,5,4,4,4,4,4,4,4,4,5,5,4,4,m,50th
5,k,butanikudango,gaishoku,5,5,5,4,5,4,4,4,4,4,5,4.5,4,4,m,50th
6,k,butanikudango,gaishoku,5,5,4,4,4,4,4,4,4,4,5,5,3,3,m,50th
7,k,butanikudango,gaishoku,5,5,5,5,5,5,4,4,3,3,5,5,4,4,m,50th
8,k,butanikudango,gaishoku,5,5,5,5,5,5,3,3,4,4,5,5,3,3,m,20th
9,k,butanikudango,gaishoku,5,5,4,4,4,4,4,4,5,5,5,5,4,4,m,50th
10,k,butanikudango,gaishoku,5,5,5,5,4,4,4,4,4,4,4.5,4.5,4,4,m,40th
11,k,butanikudango,gaishoku,5,5,4,4,4,4,4,4,5,5,5,5,4,4,m,40th
12,k,butanikudango,gaishoku,5,5,5,5,5,5,5,5,5,5,5,5,5,5,f,40th
13,k,butanikudango,gaishoku,5,5,4,4,4,4,4,4,4,4,5,5,4,4,m,50th
14,k,butanikudango,gaishoku,5,5,5,5,5,5,5,5,5,5,5,5,4,4,f,20th
15,k,butanikudango,gaishoku,5,5,4,4,4,4,4,4,4,4,5,5,4,4,m,50th
16,k,butanikudango,gaishoku,5,5,5,5,5,5,3,3,2,2,5,5,3,3,m,50th
17,k,butanikudango,gaishoku,5,5,5,5,4,4,4,4,5,5,5,5,4,4,m,60th
18,k,butanikudango,gaishoku,5,5,4,4,5,5,3,3,3,3,5,5,3,3,m,20th
19,k,butanikudango,gaishoku,5,5,4,4,4,4,4,4,4,4,5,5,4,4,f,20th
20,k,butanikudango,gaishoku,5,5,4,4,4,4,4,4,4,4,5,5,4,4,f,20th
21,k,butanikudango,gaishoku,5,5,5,5,5,5,4,4,4,4,5,5,4,4,m,50th
22,k,butanikudango,gaishoku,5,5,4,4,4,4,4,4,4,4,5,5,4,4,m,60th
23,k,butanikudango,gaishoku,4.5,1,5,5,4,4,4,4,4,4,5,5,4,4,m,30th
24,k,butanikudango,gaishoku,5,4.5,4,4,4,4,4,5,4,5,5,5,4,4,m,20th
25,k,butanikudango,gaishoku,5,5,5,5,5,5,4,4,4,4,5,5,4,4,m,30th
26,k,butanikudango,gaishoku,5,5,4,4,5,5,4,4,4,4,5,5,5,5,m,40th
27,k,butanikudango,gaishoku,5,5,4,4,4,4,4,4,4,4,5,5,4,4,m,50th
28,k,butanikudango,gaishoku,4.5,4.5,5,5,5,5,4,4,3,3,4.5,4.5,2,2,m,60th
29,k,butanikudango,gaishoku,5,5,5,5,5,5,4,4,4,4,5,5,4,4,m,50th
30,k,butanikudango,gaishoku,5,4.5,5,5,5,5,4,4,4,4,5,5,4,4,m,30th
